CREATE DATABASE  IF NOT EXISTS `mediothek` /*!40100 DEFAULT CHARACTER SET latin1 */;
USE `mediothek`;

/*!40101 SET @OLD_CHARACTER_SET_CLIENT=@@CHARACTER_SET_CLIENT */;
/*!40101 SET @OLD_CHARACTER_SET_RESULTS=@@CHARACTER_SET_RESULTS */;
/*!40101 SET @OLD_COLLATION_CONNECTION=@@COLLATION_CONNECTION */;
/*!40101 SET NAMES utf8 */;
/*!40103 SET @OLD_TIME_ZONE=@@TIME_ZONE */;
/*!40103 SET TIME_ZONE='+00:00' */;
/*!40014 SET @OLD_UNIQUE_CHECKS=@@UNIQUE_CHECKS, UNIQUE_CHECKS=0 */;
/*!40014 SET @OLD_FOREIGN_KEY_CHECKS=@@FOREIGN_KEY_CHECKS, FOREIGN_KEY_CHECKS=0 */;
/*!40101 SET @OLD_SQL_MODE=@@SQL_MODE, SQL_MODE='NO_AUTO_VALUE_ON_ZERO' */;
/*!40111 SET @OLD_SQL_NOTES=@@SQL_NOTES, SQL_NOTES=0 */;
DROP TABLE IF EXISTS `addressen`;
/*!40101 SET @saved_cs_client     = @@character_set_client */;
/*!40101 SET character_set_client = utf8 */;
CREATE TABLE `addressen` (
  `id_adressen` bigint(20) unsigned NOT NULL AUTO_INCREMENT,
  `strasse` varchar(45) NOT NULL,
  `nummer` varchar(45) NOT NULL,
  `fk_orte` bigint(20) unsigned NOT NULL,
  PRIMARY KEY (`id_adressen`),
  KEY `fk_addressen_orte_idx` (`fk_orte`),
  CONSTRAINT `fk_addressen_orte` FOREIGN KEY (`fk_orte`) REFERENCES `orte` (`id_orte`) ON DELETE NO ACTION ON UPDATE NO ACTION
) ENGINE=InnoDB AUTO_INCREMENT=501 DEFAULT CHARSET=latin1;
/*!40101 SET character_set_client = @saved_cs_client */;

LOCK TABLES `addressen` WRITE;
/*!40000 ALTER TABLE `addressen` DISABLE KEYS */;
INSERT INTO `addressen` VALUES (1,'Equbastrasse','19',1535),(3,'Hqrkostrasse','10',1496),(4,'Rheatstrasse','6',890),(5,'Hxwugstrasse','2',708),(9,'Ptwfestrasse','4',2746),(13,'Theixstrasse','3',1462),(17,'Vfqxbstrasse','10',2743),(19,'Psijestrasse','11',1268),(21,'Zhvcwstrasse','3',3055),(22,'Njicystrasse','18',3858),(23,'Ikxqvstrasse','20',1514),(25,'Tjydrstrasse','19',3377),(26,'Xbfwhstrasse','7',1892),(27,'Igmxvstrasse','1',3502),(32,'Dhxyfstrasse','15',2068),(33,'Hxebnstrasse','1',927),(34,'Kirslstrasse','5',596),(37,'Jyperstrasse','7',35),(38,'Taximstrasse','11',3116),(42,'Lrgvostrasse','18',3877),(45,'Ufbzqstrasse','20',4125),(46,'Airbfstrasse','18',1289),(48,'Ozwtastrasse','19',3662),(49,'Tjibsstrasse','6',1369),(52,'Wvjynstrasse','13',125),(53,'Okmwfstrasse','6',1020),(54,'Kwgxistrasse','17',298),(55,'Ikufgstrasse','3',2654),(56,'Zaqdgstrasse','16',2029),(57,'Ozqmfstrasse','9',1888),(58,'Cbushstrasse','6',535),(59,'Efhprstrasse','8',2333),(60,'Ulchmstrasse','1',1588),(63,'Btoqgstrasse','9',2120),(64,'Roatgstrasse','2',1822),(65,'Lmocfstrasse','9',1809),(66,'Ytxcrstrasse','4',2436),(71,'Dbeovstrasse','5',2549),(73,'Akoqfstrasse','15',3746),(74,'Fpvnustrasse','20',2768),(75,'Oapuvstrasse','19',2414),(76,'Esomustrasse','2',761),(79,'Ipkzfstrasse','19',3446),(82,'Zowkfstrasse','16',3199),(83,'Bwnsostrasse','8',1190),(86,'Ogwvkstrasse','2',574),(88,'Lgstistrasse','10',1214),(93,'Lfdpbstrasse','18',2183),(96,'Gdyzlstrasse','3',2019),(97,'Ynpbestrasse','18',4077),(98,'Wuchostrasse','7',1450),(100,'Yszkwstrasse','6',3104),(105,'Zhadfstrasse','16',279),(106,'Hxzysstrasse','16',3388),(112,'Ldnkjstrasse','13',2540),(114,'Figmestrasse','16',211),(118,'Rsihystrasse','17',2679),(119,'Zobtfstrasse','2',2343),(120,'Nbaxvstrasse','18',1664),(123,'Njvcustrasse','1',1204),(124,'Dwaqistrasse','6',1921),(126,'Quhmjstrasse','16',3528),(128,'Tswznstrasse','14',747),(129,'Flytxstrasse','15',2929),(132,'Mvwxastrasse','10',2048),(134,'Kqvmcstrasse','7',975),(137,'Rgfiqstrasse','19',98),(138,'Hoqwfstrasse','7',2412),(140,'Fxrqsstrasse','7',3378),(141,'Isvkastrasse','2',3744),(143,'Pmksdstrasse','11',2560),(144,'Jwdmlstrasse','6',2973),(146,'Pywfostrasse','4',3280),(149,'Oeqmwstrasse','20',1457),(152,'Fnhegstrasse','4',1951),(153,'Ijpkwstrasse','11',3075),(159,'Tmcpbstrasse','7',1246),(160,'Ejwbsstrasse','13',328),(162,'Lsdevstrasse','12',3084),(163,'Xmqwdstrasse','6',2869),(166,'Jbuwpstrasse','16',3514),(169,'Ubdrwstrasse','12',2535),(170,'Bcovpstrasse','5',106),(175,'Jbtnustrasse','8',1577),(176,'Mraplstrasse','10',874),(177,'Thcxjstrasse','17',651),(178,'Bdhazstrasse','9',1725),(179,'Ivysmstrasse','3',2573),(180,'Ojiahstrasse','10',2125),(181,'Gfqxtstrasse','9',2878),(189,'Bwjsxstrasse','16',1506),(192,'Imqxrstrasse','8',2787),(193,'Gqdazstrasse','12',2359),(194,'Cezwustrasse','9',3632),(197,'Gbktystrasse','9',1848),(198,'Lfaqxstrasse','17',2371),(199,'Tlmvzstrasse','5',2886),(200,'Gbkpistrasse','14',2900),(204,'Euyhbstrasse','8',2630),(205,'Lgbvcstrasse','20',497),(207,'Lobuhstrasse','11',3563),(208,'Ogketstrasse','17',4115),(209,'Ltkcfstrasse','12',883),(214,'Wprktstrasse','7',926),(215,'Rfzdxstrasse','6',559),(217,'Vfkiqstrasse','3',598),(222,'Zyhxwstrasse','14',1761),(224,'Vziucstrasse','20',3612),(226,'Zfpkqstrasse','3',2855),(227,'Yirhustrasse','9',3494),(229,'Haqeustrasse','8',2742),(231,'Gmsfxstrasse','7',3160),(235,'Jsxhestrasse','19',2694),(238,'Rwhenstrasse','20',2985),(239,'Zrkdtstrasse','14',1420),(247,'Zpfcnstrasse','2',2609),(248,'Poifnstrasse','12',2669),(251,'Niosastrasse','3',1295),(255,'Ztecxstrasse','16',2266),(259,'Uhgkystrasse','13',3977),(260,'Hjribstrasse','1',1481),(263,'Csorystrasse','14',3316),(264,'Rztamstrasse','14',1467),(265,'Xgblrstrasse','7',1891),(267,'Rpnqsstrasse','18',1885),(268,'Pgbrjstrasse','6',2885),(269,'Unewkstrasse','11',3025),(270,'Chlyvstrasse','15',2366),(272,'Vcsrtstrasse','19',3749),(273,'Gxntbstrasse','3',654),(274,'Iqxplstrasse','17',463),(275,'Whvtostrasse','8',66),(276,'Eskghstrasse','8',3826),(277,'Jfiucstrasse','12',2933),(278,'Nmgazstrasse','6',4152),(279,'Qklxestrasse','20',3630),(283,'Lbdhsstrasse','9',4040),(284,'Qiemkstrasse','7',3159),(291,'Kqevastrasse','12',229),(292,'Aehmxstrasse','18',3767),(293,'Hcfqdstrasse','15',3718),(294,'Dmchustrasse','17',536),(300,'Xhyqkstrasse','4',2676),(302,'Uawijstrasse','12',2729),(303,'Kjoprstrasse','11',4129),(307,'Qacepstrasse','6',2799),(308,'Mjwirstrasse','20',2793),(317,'Xranvstrasse','10',1295),(320,'Rjzuestrasse','13',10),(321,'Cqezfstrasse','3',3095),(324,'Ldzufstrasse','1',3364),(326,'Uyoiastrasse','7',2797),(332,'Jzkhfstrasse','12',2954),(334,'Bxzrfstrasse','5',2076),(339,'Ycjhvstrasse','12',1079),(340,'Vnxebstrasse','2',3573),(342,'Wyaunstrasse','9',3558),(343,'Xjupzstrasse','4',1581),(344,'Tohcnstrasse','3',1841),(347,'Ljpqystrasse','13',3188),(349,'Ontjfstrasse','6',798),(354,'Xekmgstrasse','3',3737),(355,'Xjgmostrasse','5',3093),(357,'Tvryfstrasse','8',2668),(360,'Sjmhastrasse','6',2802),(361,'Vlhsastrasse','13',1153),(362,'Rjnbsstrasse','13',3331),(363,'Dtogystrasse','1',416),(364,'Kogphstrasse','15',2166),(365,'Qwvbestrasse','15',3373),(366,'Ncgotstrasse','8',1620),(370,'Whmdfstrasse','6',1374),(373,'Nuockstrasse','14',3861),(381,'Rfposstrasse','14',212),(382,'Vbmtlstrasse','20',513),(389,'Vihztstrasse','3',3820),(390,'Mgybhstrasse','7',3030),(394,'Ucadfstrasse','4',3476),(395,'Pqtlzstrasse','1',1453),(396,'Szivestrasse','12',694),(402,'Zalwmstrasse','12',3037),(406,'Bromlstrasse','11',2331),(407,'Wvdgustrasse','1',1358),(415,'Khxysstrasse','14',3230),(417,'Gaxprstrasse','19',2555),(421,'Cfsrustrasse','10',215),(422,'Irexystrasse','2',2844),(427,'Dqtvystrasse','16',3339),(428,'Fiqelstrasse','9',599),(430,'Rmnisstrasse','19',227),(432,'Bayinstrasse','2',1615),(435,'Ychzfstrasse','11',1141),(436,'Mscrwstrasse','5',3680),(437,'Pzgnxstrasse','3',726),(440,'Vthqnstrasse','6',1497),(441,'Dkhomstrasse','13',1386),(444,'Fmaxnstrasse','14',1116),(448,'Muocxstrasse','5',2569),(454,'Tuxcrstrasse','4',3891),(457,'Cimoqstrasse','15',650),(460,'Wopxzstrasse','8',1582),(461,'Ebcgwstrasse','14',3781),(462,'Ugbnostrasse','3',1850),(466,'Whlpfstrasse','15',3630),(470,'Ljeabstrasse','16',3312),(471,'Umtdystrasse','14',203),(472,'Ncmzxstrasse','8',1516),(473,'Vuresstrasse','3',1380),(474,'Skwjcstrasse','3',1263),(477,'Luxenstrasse','4',4090),(478,'Zuxhpstrasse','8',66),(479,'Jaqvkstrasse','5',44),(482,'Ymdzestrasse','11',3128),(483,'Rsqwvstrasse','20',4170),(485,'Mijkgstrasse','18',3347),(488,'Lockwstrasse','1',3069),(490,'Xkuzpstrasse','16',2490),(492,'Skwhrstrasse','2',2131),(495,'Dgykpstrasse','7',1807),(496,'Rmcnvstrasse','13',2510),(498,'Oqlnystrasse','15',1800);
/*!40000 ALTER TABLE `addressen` ENABLE KEYS */;
UNLOCK TABLES;
DROP TABLE IF EXISTS `ausleihen`;
/*!40101 SET @saved_cs_client     = @@character_set_client */;
/*!40101 SET character_set_client = utf8 */;
CREATE TABLE `ausleihen` (
  `id_ausleihen` bigint(20) unsigned NOT NULL AUTO_INCREMENT,
  `fk_kunden` bigint(20) unsigned NOT NULL,
  `fk_mitarbeiter` bigint(20) unsigned NOT NULL,
  `fk_exemplare` bigint(20) unsigned NOT NULL,
  `ausleihedatum` timestamp NOT NULL DEFAULT CURRENT_TIMESTAMP,
  `ruckgabedatum` timestamp NOT NULL DEFAULT '0000-00-00 00:00:00',
  `erfolgtes_ruckgabedatum` timestamp NULL DEFAULT NULL,
  PRIMARY KEY (`id_ausleihen`),
  KEY `fk_ausleihen_exemplare_idx` (`fk_exemplare`),
  KEY `fk_ausleihen_kunden_idx` (`fk_kunden`),
  KEY `fk_ausleihen_mitarbeiter_idx` (`fk_mitarbeiter`),
  CONSTRAINT `fk_ausleihen_exemplare` FOREIGN KEY (`fk_exemplare`) REFERENCES `exemplare` (`id_exemplare`) ON DELETE NO ACTION ON UPDATE NO ACTION,
  CONSTRAINT `fk_ausleihen_kunden` FOREIGN KEY (`fk_kunden`) REFERENCES `kunden` (`id_kunde`) ON DELETE NO ACTION ON UPDATE NO ACTION,
  CONSTRAINT `fk_ausleihen_mitarbeiter` FOREIGN KEY (`fk_mitarbeiter`) REFERENCES `mitarbeiter` (`id_mitarbeiter`) ON DELETE NO ACTION ON UPDATE NO ACTION
) ENGINE=InnoDB AUTO_INCREMENT=441 DEFAULT CHARSET=latin1;
/*!40101 SET character_set_client = @saved_cs_client */;

LOCK TABLES `ausleihen` WRITE;
/*!40000 ALTER TABLE `ausleihen` DISABLE KEYS */;
INSERT INTO `ausleihen` VALUES (1,253,23,841,'1997-08-24 08:15:09','1997-09-07 08:15:09','1997-09-07 08:15:09'),(2,295,40,529,'1992-07-13 08:15:09','1992-07-27 08:15:09','1992-07-27 08:15:09'),(3,272,28,311,'1992-08-20 08:15:09','1992-09-03 08:15:09','1992-09-03 08:15:09'),(4,215,14,740,'1999-09-07 08:15:09','1999-09-21 08:15:09','1999-09-21 08:15:09'),(5,243,32,9,'2000-08-19 08:15:09','2000-09-02 08:15:09','2000-09-02 08:15:09'),(6,261,8,433,'1988-10-22 08:15:09','1988-11-05 08:15:09','1988-11-05 08:15:09'),(7,133,21,709,'1999-03-19 08:15:09','1999-04-02 08:15:09','1999-04-02 08:15:09'),(8,176,25,692,'2001-07-31 08:15:09','2001-08-14 08:15:09','2001-08-14 08:15:09'),(9,244,40,301,'2004-03-21 08:15:09','2004-04-04 08:15:09','2004-04-04 08:15:09'),(10,203,39,487,'2003-04-22 08:15:09','2003-05-06 08:15:09','2003-05-06 08:15:09'),(11,282,28,118,'2004-04-18 08:15:09','2004-05-02 08:15:09','2004-05-02 08:15:09'),(12,145,39,332,'2005-10-18 08:15:09','2005-11-01 08:15:09',NULL),(13,13,20,125,'1993-12-01 08:15:09','1993-12-15 08:15:09','1993-12-15 08:15:09'),(14,77,26,537,'2003-11-01 08:15:09','2003-11-15 08:15:09','2003-11-15 08:15:09'),(15,297,29,19,'1999-10-08 08:15:09','1999-10-22 08:15:09','1999-10-22 08:15:09'),(16,85,24,494,'1994-08-24 08:15:09','1994-09-07 08:15:09','1994-09-07 08:15:09'),(17,240,14,134,'2000-10-20 08:15:09','2000-11-03 08:15:09','2000-11-03 08:15:09'),(18,36,17,653,'1996-12-19 08:15:09','1997-01-02 08:15:09','1997-01-02 08:15:09'),(19,77,11,245,'2004-01-02 08:15:09','2004-01-16 08:15:09','2004-01-16 08:15:09'),(20,271,15,216,'2002-05-14 08:15:09','2002-05-28 08:15:09','2002-05-28 08:15:09'),(21,47,12,24,'1990-05-18 08:15:09','1990-06-01 08:15:09','1990-06-01 08:15:09'),(22,278,8,60,'2002-08-27 08:15:09','2002-09-10 08:15:09','2002-09-10 08:15:09'),(23,49,28,115,'2001-03-08 08:15:09','2001-03-22 08:15:09','2001-03-22 08:15:09'),(24,232,36,261,'1993-04-28 08:15:09','1993-05-12 08:15:09','1993-05-12 08:15:09'),(25,253,19,561,'1998-01-04 08:15:09','1998-01-18 08:15:09','1998-01-18 08:15:09'),(26,262,12,321,'2005-04-05 08:15:10','2005-04-19 08:15:10','2005-04-19 08:15:10'),(27,118,21,648,'1998-12-17 08:15:10','1998-12-31 08:15:10','1998-12-31 08:15:10'),(28,175,26,664,'1997-06-12 08:15:10','1997-06-26 08:15:10','1997-06-26 08:15:10'),(29,18,14,553,'2000-09-04 08:15:10','2000-09-18 08:15:10','2000-09-18 08:15:10'),(30,190,16,311,'1995-06-17 08:15:10','1995-07-01 08:15:10','1995-07-01 08:15:10'),(31,187,25,829,'1989-01-27 08:15:10','1989-02-10 08:15:10','1989-02-10 08:15:10'),(32,116,25,402,'2003-02-15 08:15:10','2003-03-01 08:15:10','2003-03-01 08:15:10'),(33,239,14,243,'2001-11-06 08:15:10','2001-11-20 08:15:10','2001-11-20 08:15:10'),(34,209,39,794,'1999-08-02 08:15:10','1999-08-16 08:15:10','1999-08-16 08:15:10'),(35,61,30,560,'2002-07-06 08:15:10','2002-07-20 08:15:10','2002-07-20 08:15:10'),(36,28,26,496,'1991-08-28 08:15:10','1991-09-11 08:15:10','1991-09-11 08:15:10'),(37,141,30,261,'2004-02-23 08:15:10','2004-03-08 08:15:10',NULL),(38,142,35,599,'1995-07-11 08:15:10','1995-07-25 08:15:10','1995-07-25 08:15:10'),(39,155,16,468,'2001-11-16 08:15:10','2001-11-30 08:15:10','2001-11-30 08:15:10'),(40,262,15,706,'1989-09-07 08:15:10','1989-09-21 08:15:10',NULL),(41,77,32,474,'1992-08-05 08:15:55','1992-08-19 08:15:55',NULL),(42,209,34,535,'1989-12-11 08:15:55','1989-12-25 08:15:55','1989-12-25 08:15:55'),(43,41,21,656,'1997-08-12 08:15:55','1997-08-26 08:15:55',NULL),(44,162,7,629,'1995-03-29 08:15:55','1995-04-12 08:15:55','1995-04-12 08:15:55'),(45,5,12,743,'2005-07-30 08:15:55','2005-08-13 08:15:55','2005-08-13 08:15:55'),(46,188,20,686,'1989-06-02 08:15:55','1989-06-16 08:15:55','1989-06-16 08:15:55'),(47,144,26,485,'1999-12-18 08:15:55','2000-01-01 08:15:55','2000-01-01 08:15:55'),(48,143,22,536,'1996-03-20 08:15:55','1996-04-03 08:15:55','1996-04-03 08:15:55'),(49,263,39,42,'2002-03-07 08:15:55','2002-03-21 08:15:55','2002-03-21 08:15:55'),(50,239,38,368,'1991-08-21 08:15:55','1991-09-04 08:15:55','1991-09-04 08:15:55'),(51,118,39,725,'2004-08-07 08:15:55','2004-08-21 08:15:55','2004-08-21 08:15:55'),(52,156,31,695,'1998-08-22 08:15:55','1998-09-05 08:15:55','1998-09-05 08:15:55'),(53,240,40,856,'1997-07-28 08:15:55','1997-08-11 08:15:55','1997-08-11 08:15:55'),(54,88,15,596,'2004-05-07 08:15:55','2004-05-21 08:15:55','2004-05-21 08:15:55'),(55,94,27,369,'1990-08-01 08:15:55','1990-08-15 08:15:55','1990-08-15 08:15:55'),(56,257,17,638,'1999-08-22 08:15:55','1999-09-05 08:15:55','1999-09-05 08:15:55'),(57,241,7,443,'1988-07-06 08:15:56','1988-07-20 08:15:56','1988-07-20 08:15:56'),(58,222,39,792,'1993-05-03 08:15:56','1993-05-17 08:15:56','1993-05-17 08:15:56'),(59,283,8,258,'1992-01-06 08:15:56','1992-01-20 08:15:56','1992-01-20 08:15:56'),(60,168,15,137,'2002-10-10 08:15:56','2002-10-24 08:15:56','2002-10-24 08:15:56'),(61,199,27,97,'1989-10-07 08:15:56','1989-10-21 08:15:56','1989-10-21 08:15:56'),(62,245,7,48,'1996-04-04 08:15:56','1996-04-18 08:15:56','1996-04-18 08:15:56'),(63,88,21,846,'1999-01-05 08:15:56','1999-01-19 08:15:56','1999-01-19 08:15:56'),(64,98,26,225,'1997-03-17 08:15:56','1997-03-31 08:15:56','1997-03-31 08:15:56'),(65,241,13,811,'1995-04-08 08:15:56','1995-04-22 08:15:56','1995-04-22 08:15:56'),(66,253,38,616,'1994-01-22 08:15:56','1994-02-05 08:15:56','1994-02-05 08:15:56'),(67,4,20,48,'1992-08-30 08:15:56','1992-09-13 08:15:56','1992-09-13 08:15:56'),(68,45,30,285,'1993-03-11 08:15:56','1993-03-25 08:15:56','1993-03-25 08:15:56'),(69,75,19,828,'1996-06-25 08:15:56','1996-07-09 08:15:56',NULL),(70,6,7,22,'1992-06-02 08:15:56','1992-06-16 08:15:56','1992-06-16 08:15:56'),(71,263,33,655,'1997-11-21 08:15:56','1997-12-05 08:15:56','1997-12-05 08:15:56'),(72,122,18,103,'1988-01-15 08:15:56','1988-01-29 08:15:56','1988-01-29 08:15:56'),(73,194,21,676,'2002-02-08 08:15:56','2002-02-22 08:15:56','2002-02-22 08:15:56'),(74,82,26,703,'2003-02-18 08:15:56','2003-03-04 08:15:56','2003-03-04 08:15:56'),(75,122,30,597,'1999-06-22 08:15:56','1999-07-06 08:15:56','1999-07-06 08:15:56'),(76,282,20,482,'2002-03-12 08:15:56','2002-03-26 08:15:56','2002-03-26 08:15:56'),(77,2,21,145,'1990-03-13 08:15:56','1990-03-27 08:15:56','1990-03-27 08:15:56'),(78,14,28,53,'2002-03-28 08:15:56','2002-04-11 08:15:56',NULL),(79,76,11,209,'2005-04-22 08:15:56','2005-05-06 08:15:56',NULL),(80,273,24,114,'1988-07-16 08:15:56','1988-07-30 08:15:56','1988-07-30 08:15:56'),(81,281,26,136,'2005-11-27 08:15:56','2005-12-11 08:15:56','2005-12-11 08:15:56'),(82,267,7,606,'2000-11-18 08:15:56','2000-12-02 08:15:56','2000-12-02 08:15:56'),(83,91,24,522,'1998-03-12 08:15:56','1998-03-26 08:15:56',NULL),(84,220,24,483,'1988-04-29 08:15:57','1988-05-13 08:15:57','1988-05-13 08:15:57'),(85,83,17,347,'1990-08-07 08:15:57','1990-08-21 08:15:57','1990-08-21 08:15:57'),(86,28,40,684,'1999-03-27 08:15:57','1999-04-10 08:15:57','1999-04-10 08:15:57'),(87,231,12,352,'2005-05-10 08:15:57','2005-05-24 08:15:57','2005-05-24 08:15:57'),(88,29,33,291,'1988-07-20 08:15:57','1988-08-03 08:15:57','1988-08-03 08:15:57'),(89,263,24,512,'1991-08-02 08:15:57','1991-08-16 08:15:57','1991-08-16 08:15:57'),(90,165,15,598,'2005-05-17 08:15:57','2005-05-31 08:15:57','2005-05-31 08:15:57'),(91,28,20,302,'1997-08-27 08:15:57','1997-09-10 08:15:57','1997-09-10 08:15:57'),(92,106,20,277,'2004-08-12 08:15:57','2004-08-26 08:15:57','2004-08-26 08:15:57'),(93,144,24,491,'2000-08-10 08:15:57','2000-08-24 08:15:57','2000-08-24 08:15:57'),(94,27,11,658,'1993-06-26 08:15:57','1993-07-10 08:15:57','1993-07-10 08:15:57'),(95,273,18,102,'2000-04-28 08:15:57','2000-05-12 08:15:57','2000-05-12 08:15:57'),(96,187,33,833,'1992-08-22 08:15:57','1992-09-05 08:15:57','1992-09-05 08:15:57'),(97,184,29,168,'2001-07-25 08:15:57','2001-08-08 08:15:57','2001-08-08 08:15:57'),(98,79,33,467,'1989-10-21 08:15:57','1989-11-04 08:15:57','1989-11-04 08:15:57'),(99,284,27,150,'2002-07-09 08:15:57','2002-07-23 08:15:57','2002-07-23 08:15:57'),(100,146,27,146,'1994-09-15 08:15:57','1994-09-29 08:15:57','1994-09-29 08:15:57'),(101,103,14,329,'1989-04-25 08:15:57','1989-05-09 08:15:57',NULL),(102,147,9,509,'2005-04-02 08:15:57','2005-04-16 08:15:57','2005-04-16 08:15:57'),(103,298,24,849,'2004-08-14 08:15:57','2004-08-28 08:15:57','2004-08-28 08:15:57'),(104,81,36,537,'1995-08-15 08:15:57','1995-08-29 08:15:57','1995-08-29 08:15:57'),(105,248,40,881,'1996-02-25 08:15:57','1996-03-10 08:15:57','1996-03-10 08:15:57'),(106,147,33,102,'1995-12-27 08:15:57','1996-01-10 08:15:57','1996-01-10 08:15:57'),(107,231,39,92,'1995-05-10 08:15:57','1995-05-24 08:15:57','1995-05-24 08:15:57'),(108,106,38,684,'1996-08-10 08:15:57','1996-08-24 08:15:57','1996-08-24 08:15:57'),(109,297,24,57,'1996-08-11 08:15:57','1996-08-25 08:15:57','1996-08-25 08:15:57'),(110,130,27,412,'2001-09-15 08:15:57','2001-09-29 08:15:57','2001-09-29 08:15:57'),(111,112,13,457,'2003-05-24 08:15:58','2003-06-07 08:15:58',NULL),(112,276,28,473,'2000-06-20 08:15:58','2000-07-04 08:15:58','2000-07-04 08:15:58'),(113,120,13,541,'1992-10-18 08:15:58','1992-11-01 08:15:58','1992-11-01 08:15:58'),(114,193,13,88,'1996-10-21 08:15:58','1996-11-04 08:15:58','1996-11-04 08:15:58'),(115,84,9,331,'2003-09-22 08:15:58','2003-10-06 08:15:58','2003-10-06 08:15:58'),(116,36,38,499,'1994-07-04 08:15:58','1994-07-18 08:15:58','1994-07-18 08:15:58'),(117,86,15,872,'1989-09-14 08:15:58','1989-09-28 08:15:58','1989-09-28 08:15:58'),(118,25,39,875,'1987-08-29 08:15:58','1987-09-12 08:15:58','1987-09-12 08:15:58'),(119,23,27,199,'2000-02-10 08:15:58','2000-02-24 08:15:58','2000-02-24 08:15:58'),(120,43,40,37,'1989-10-17 08:15:58','1989-10-31 08:15:58','1989-10-31 08:15:58'),(121,53,26,336,'2003-01-17 08:15:58','2003-01-31 08:15:58','2003-01-31 08:15:58'),(122,151,13,592,'1987-07-22 08:15:58','1987-08-05 08:15:58',NULL),(123,194,10,70,'2000-11-12 08:15:58','2000-11-26 08:15:58','2000-11-26 08:15:58'),(124,33,20,268,'2001-12-11 08:15:58','2001-12-25 08:15:58','2001-12-25 08:15:58'),(125,272,9,304,'1993-04-03 08:15:58','1993-04-17 08:15:58','1993-04-17 08:15:58'),(126,241,23,849,'2001-08-01 08:15:58','2001-08-15 08:15:58','2001-08-15 08:15:58'),(127,62,16,53,'2001-04-15 08:15:58','2001-04-29 08:15:58','2001-04-29 08:15:58'),(128,15,36,694,'1994-12-06 08:15:58','1994-12-20 08:15:58','1994-12-20 08:15:58'),(129,40,39,281,'1998-02-19 08:15:58','1998-03-05 08:15:58',NULL),(130,281,38,866,'1997-09-12 08:15:58','1997-09-26 08:15:58','1997-09-26 08:15:58'),(131,17,29,314,'1989-12-12 08:15:58','1989-12-26 08:15:58','1989-12-26 08:15:58'),(132,59,39,358,'1988-04-22 08:15:58','1988-05-06 08:15:58','1988-05-06 08:15:58'),(133,39,12,629,'2002-04-17 08:15:58','2002-05-01 08:15:58','2002-05-01 08:15:58'),(134,29,39,309,'1997-06-08 08:15:58','1997-06-22 08:15:58','1997-06-22 08:15:58'),(135,77,34,257,'1989-08-19 08:15:58','1989-09-02 08:15:58','1989-09-02 08:15:58'),(136,40,8,868,'2005-01-12 08:15:58','2005-01-26 08:15:58','2005-01-26 08:15:58'),(137,73,13,307,'2005-12-07 08:15:59','2005-12-21 08:15:59',NULL),(138,228,27,301,'1995-09-07 08:15:59','1995-09-21 08:15:59','1995-09-21 08:15:59'),(139,224,11,19,'1991-02-09 08:15:59','1991-02-23 08:15:59','1991-02-23 08:15:59'),(140,66,30,426,'2002-11-22 08:15:59','2002-12-06 08:15:59','2002-12-06 08:15:59'),(141,165,28,833,'2004-05-30 08:15:59','2004-06-13 08:15:59','2004-06-13 08:15:59'),(142,209,38,753,'1992-10-17 08:15:59','1992-10-31 08:15:59','1992-10-31 08:15:59'),(143,72,20,142,'1990-08-12 08:15:59','1990-08-26 08:15:59','1990-08-26 08:15:59'),(144,146,37,402,'1998-01-19 08:15:59','1998-02-02 08:15:59','1998-02-02 08:15:59'),(145,243,39,290,'1995-07-30 08:15:59','1995-08-13 08:15:59','1995-08-13 08:15:59'),(146,90,23,234,'1993-08-01 08:15:59','1993-08-15 08:15:59','1993-08-15 08:15:59'),(147,272,28,206,'1989-08-03 08:15:59','1989-08-17 08:15:59','1989-08-17 08:15:59'),(148,40,30,595,'1988-01-25 08:15:59','1988-02-08 08:15:59','1988-02-08 08:15:59'),(149,121,17,598,'1987-11-23 08:15:59','1987-12-07 08:15:59',NULL),(150,208,33,273,'2003-04-02 08:15:59','2003-04-16 08:15:59','2003-04-16 08:15:59'),(151,7,36,882,'1994-02-10 08:15:59','1994-02-24 08:15:59','1994-02-24 08:15:59'),(152,79,34,22,'1995-02-06 08:15:59','1995-02-20 08:15:59','1995-02-20 08:15:59'),(153,133,39,689,'1993-08-02 08:15:59','1993-08-16 08:15:59','1993-08-16 08:15:59'),(154,66,18,202,'2003-06-17 08:15:59','2003-07-01 08:15:59','2003-07-01 08:15:59'),(155,143,17,728,'2000-12-21 08:15:59','2001-01-04 08:15:59','2001-01-04 08:15:59'),(156,87,23,32,'1996-11-08 08:15:59','1996-11-22 08:15:59','1996-11-22 08:15:59'),(157,189,33,726,'1992-09-04 08:15:59','1992-09-18 08:15:59','1992-09-18 08:15:59'),(158,42,32,554,'2006-06-07 08:15:59','2006-06-21 08:15:59','2006-06-21 08:15:59'),(159,296,22,852,'1994-07-31 08:15:59','1994-08-14 08:15:59','1994-08-14 08:15:59'),(160,141,12,66,'2002-09-25 08:15:59','2002-10-09 08:15:59','2002-10-09 08:15:59'),(161,158,11,689,'2002-10-13 08:15:59','2002-10-27 08:15:59','2002-10-27 08:15:59'),(162,126,10,636,'1999-02-22 08:16:00','1999-03-08 08:16:00','1999-03-08 08:16:00'),(163,230,16,714,'2005-01-15 08:16:00','2005-01-29 08:16:00','2005-01-29 08:16:00'),(164,201,19,453,'1991-05-18 08:16:00','1991-06-01 08:16:00',NULL),(165,37,10,885,'1999-01-26 08:16:00','1999-02-09 08:16:00',NULL),(166,238,23,659,'1997-11-18 08:16:00','1997-12-02 08:16:00','1997-12-02 08:16:00'),(167,265,10,746,'1989-11-18 08:16:00','1989-12-02 08:16:00','1989-12-02 08:16:00'),(168,263,40,119,'1991-11-30 08:16:00','1991-12-14 08:16:00','1991-12-14 08:16:00'),(169,72,21,865,'1988-07-28 08:16:00','1988-08-11 08:16:00','1988-08-11 08:16:00'),(170,234,20,777,'1998-08-28 08:16:00','1998-09-11 08:16:00',NULL),(171,191,22,798,'1997-01-28 08:16:00','1997-02-11 08:16:00','1997-02-11 08:16:00'),(172,57,26,593,'1997-11-25 08:16:00','1997-12-09 08:16:00','1997-12-09 08:16:00'),(173,138,38,397,'2003-03-08 08:16:00','2003-03-22 08:16:00',NULL),(174,42,27,845,'2004-08-06 08:16:00','2004-08-20 08:16:00','2004-08-20 08:16:00'),(175,224,21,232,'1994-12-23 08:16:00','1995-01-06 08:16:00','1995-01-06 08:16:00'),(176,73,25,860,'1996-08-20 08:16:00','1996-09-03 08:16:00','1996-09-03 08:16:00'),(177,251,12,74,'2000-09-09 08:16:00','2000-09-23 08:16:00','2000-09-23 08:16:00'),(178,60,8,177,'1995-06-20 08:16:00','1995-07-04 08:16:00','1995-07-04 08:16:00'),(179,33,8,158,'2001-07-17 08:16:00','2001-07-31 08:16:00','2001-07-31 08:16:00'),(180,70,14,627,'1989-08-14 08:16:00','1989-08-28 08:16:00',NULL),(181,51,18,703,'1995-03-09 08:16:00','1995-03-23 08:16:00','1995-03-23 08:16:00'),(182,249,7,36,'1991-03-10 08:16:00','1991-03-24 08:16:00','1991-03-24 08:16:00'),(183,278,11,763,'2002-04-30 08:16:00','2002-05-14 08:16:00','2002-05-14 08:16:00'),(184,113,20,74,'1994-08-25 08:16:00','1994-09-08 08:16:00','1994-09-08 08:16:00'),(185,224,29,370,'1994-07-15 08:16:00','1994-07-29 08:16:00','1994-07-29 08:16:00'),(186,277,25,310,'2006-07-18 08:16:00','2006-08-01 08:16:00','2006-08-01 08:16:00'),(187,99,30,363,'1998-09-28 08:16:00','1998-10-12 08:16:00','1998-10-12 08:16:00'),(188,299,13,329,'1990-10-10 08:16:01','1990-10-24 08:16:01','1990-10-24 08:16:01'),(189,78,11,557,'1999-05-20 08:16:01','1999-06-03 08:16:01','1999-06-03 08:16:01'),(190,244,10,201,'2006-08-18 08:16:01','2006-09-01 08:16:01','2006-09-01 08:16:01'),(191,1,23,531,'1996-06-22 08:16:01','1996-07-06 08:16:01','1996-07-06 08:16:01'),(192,234,35,462,'1999-11-14 08:16:01','1999-11-28 08:16:01','1999-11-28 08:16:01'),(193,46,19,165,'2006-05-29 08:16:01','2006-06-12 08:16:01',NULL),(194,295,13,389,'1991-02-26 08:16:01','1991-03-12 08:16:01','1991-03-12 08:16:01'),(195,240,33,708,'1993-08-06 08:16:01','1993-08-20 08:16:01','1993-08-20 08:16:01'),(196,102,20,292,'1987-08-14 08:16:01','1987-08-28 08:16:01','1987-08-28 08:16:01'),(197,179,24,844,'1993-01-22 08:16:01','1993-02-05 08:16:01','1993-02-05 08:16:01'),(198,241,7,301,'1998-07-18 08:16:01','1998-08-01 08:16:01','1998-08-01 08:16:01'),(199,186,18,523,'1996-10-24 08:16:01','1996-11-07 08:16:01','1996-11-07 08:16:01'),(200,276,31,824,'2005-11-04 08:16:01','2005-11-18 08:16:01',NULL),(201,55,12,357,'2002-08-17 08:16:01','2002-08-31 08:16:01','2002-08-31 08:16:01'),(202,259,12,730,'1997-03-14 08:16:01','1997-03-28 08:16:01','1997-03-28 08:16:01'),(203,209,35,340,'1987-10-23 08:16:01','1987-11-06 08:16:01','1987-11-06 08:16:01'),(204,84,38,734,'1987-08-31 08:16:01','1987-09-14 08:16:01','1987-09-14 08:16:01'),(205,256,31,68,'2005-11-30 08:16:01','2005-12-14 08:16:01','2005-12-14 08:16:01'),(206,142,36,602,'1997-02-13 08:16:01','1997-02-27 08:16:01','1997-02-27 08:16:01'),(207,89,30,781,'2006-06-15 08:16:01','2006-06-29 08:16:01','2006-06-29 08:16:01'),(208,99,27,260,'1993-06-17 08:16:01','1993-07-01 08:16:01','1993-07-01 08:16:01'),(209,185,28,732,'2006-02-20 08:16:01','2006-03-06 08:16:01','2006-03-06 08:16:01'),(210,169,39,865,'1996-01-28 08:16:01','1996-02-11 08:16:01','1996-02-11 08:16:01'),(211,105,9,299,'2006-02-07 08:16:01','2006-02-21 08:16:01','2006-02-21 08:16:01'),(212,57,38,647,'1989-10-04 08:16:01','1989-10-18 08:16:01','1989-10-18 08:16:01'),(213,163,16,715,'1993-02-08 08:16:01','1993-02-22 08:16:01','1993-02-22 08:16:01'),(214,127,38,432,'1995-05-14 08:16:01','1995-05-28 08:16:01','1995-05-28 08:16:01'),(215,52,15,198,'1988-11-19 08:16:01','1988-12-03 08:16:01','1988-12-03 08:16:01'),(216,112,24,195,'2001-11-01 08:16:02','2001-11-15 08:16:02','2001-11-15 08:16:02'),(217,278,11,83,'1992-02-02 08:16:02','1992-02-16 08:16:02','1992-02-16 08:16:02'),(218,296,17,109,'1990-10-18 08:16:02','1990-11-01 08:16:02','1990-11-01 08:16:02'),(219,151,33,394,'2000-12-31 08:16:02','2001-01-14 08:16:02','2001-01-14 08:16:02'),(220,105,24,258,'2005-01-27 08:16:02','2005-02-10 08:16:02','2005-02-10 08:16:02'),(221,21,24,678,'2001-01-13 08:16:02','2001-01-27 08:16:02','2001-01-27 08:16:02'),(222,175,27,171,'1987-06-27 08:16:02','1987-07-11 08:16:02','1987-07-11 08:16:02'),(223,168,11,160,'2005-11-03 08:16:02','2005-11-17 08:16:02','2005-11-17 08:16:02'),(224,169,16,714,'2006-08-08 08:16:02','2006-08-22 08:16:02','2006-08-22 08:16:02'),(225,56,23,372,'2002-07-29 08:16:02','2002-08-12 08:16:02','2002-08-12 08:16:02'),(226,18,28,261,'1990-01-12 08:16:02','1990-01-26 08:16:02','1990-01-26 08:16:02'),(227,65,8,274,'2003-05-09 08:16:02','2003-05-23 08:16:02','2003-05-23 08:16:02'),(228,166,39,203,'1997-05-09 08:16:02','1997-05-23 08:16:02','1997-05-23 08:16:02'),(229,156,37,578,'1989-12-24 08:16:02','1990-01-07 08:16:02','1990-01-07 08:16:02'),(230,126,19,328,'1991-04-16 08:16:02','1991-04-30 08:16:02','1991-04-30 08:16:02'),(231,242,33,660,'1993-10-02 08:16:02','1993-10-16 08:16:02','1993-10-16 08:16:02'),(232,257,15,693,'1998-02-27 08:16:02','1998-03-13 08:16:02','1998-03-13 08:16:02'),(233,184,19,201,'2002-07-31 08:16:02','2002-08-14 08:16:02','2002-08-14 08:16:02'),(234,208,31,303,'1995-11-27 08:16:02','1995-12-11 08:16:02','1995-12-11 08:16:02'),(235,222,15,242,'2005-08-06 08:16:02','2005-08-20 08:16:02','2005-08-20 08:16:02'),(236,167,10,849,'2006-02-28 08:16:02','2006-03-14 08:16:02','2006-03-14 08:16:02'),(237,272,24,844,'1988-02-12 08:16:02','1988-02-26 08:16:02',NULL),(238,100,15,836,'1990-04-15 08:16:02','1990-04-29 08:16:02','1990-04-29 08:16:02'),(239,130,19,508,'1990-03-02 08:16:02','1990-03-16 08:16:02','1990-03-16 08:16:02'),(240,83,26,826,'1992-01-19 08:16:02','1992-02-02 08:16:02','1992-02-02 08:16:02'),(241,203,33,681,'1998-05-17 08:16:02','1998-05-31 08:16:02','1998-05-31 08:16:02'),(242,125,20,282,'2005-04-30 08:16:02','2005-05-14 08:16:02','2005-05-14 08:16:02'),(243,200,12,66,'1995-11-27 08:16:02','1995-12-11 08:16:02','1995-12-11 08:16:02'),(244,202,26,157,'1996-09-28 08:16:02','1996-10-12 08:16:02','1996-10-12 08:16:02'),(245,92,9,199,'1996-10-10 08:16:03','1996-10-24 08:16:03','1996-10-24 08:16:03'),(246,24,39,452,'2002-03-19 08:16:03','2002-04-02 08:16:03','2002-04-02 08:16:03'),(247,192,19,631,'1998-01-05 08:16:03','1998-01-19 08:16:03','1998-01-19 08:16:03'),(248,141,14,330,'1988-08-29 08:16:03','1988-09-12 08:16:03','1988-09-12 08:16:03'),(249,56,27,701,'2004-10-22 08:16:03','2004-11-05 08:16:03','2004-11-05 08:16:03'),(250,66,35,387,'2004-07-08 08:16:03','2004-07-22 08:16:03','2004-07-22 08:16:03'),(251,141,20,384,'1999-07-10 08:16:03','1999-07-24 08:16:03','1999-07-24 08:16:03'),(252,132,17,365,'1988-08-29 08:16:03','1988-09-12 08:16:03','1988-09-12 08:16:03'),(253,127,23,215,'1987-06-25 08:16:03','1987-07-09 08:16:03','1987-07-09 08:16:03'),(254,49,8,647,'1994-01-18 08:16:03','1994-02-01 08:16:03','1994-02-01 08:16:03'),(255,116,21,659,'2002-03-14 08:16:03','2002-03-28 08:16:03','2002-03-28 08:16:03'),(256,280,11,502,'1991-03-24 08:16:03','1991-04-07 08:16:03','1991-04-07 08:16:03'),(257,129,32,648,'1989-02-18 08:16:03','1989-03-04 08:16:03','1989-03-04 08:16:03'),(258,111,33,11,'2001-07-22 08:16:03','2001-08-05 08:16:03','2001-08-05 08:16:03'),(259,195,8,770,'1995-02-02 08:16:03','1995-02-16 08:16:03','1995-02-16 08:16:03'),(260,171,36,393,'1998-07-14 08:16:03','1998-07-28 08:16:03','1998-07-28 08:16:03'),(261,92,11,726,'2003-08-11 08:16:03','2003-08-25 08:16:03','2003-08-25 08:16:03'),(262,169,40,549,'1990-09-10 08:16:03','1990-09-24 08:16:03','1990-09-24 08:16:03'),(263,164,18,657,'2005-06-02 08:16:03','2005-06-16 08:16:03','2005-06-16 08:16:03'),(264,297,10,592,'1993-05-30 08:16:03','1993-06-13 08:16:03','1993-06-13 08:16:03'),(265,119,38,438,'1991-02-01 08:16:03','1991-02-15 08:16:03','1991-02-15 08:16:03'),(266,76,38,375,'1998-02-16 08:16:03','1998-03-02 08:16:03',NULL),(267,186,32,33,'2003-02-25 08:16:03','2003-03-11 08:16:03','2003-03-11 08:16:03'),(268,143,9,460,'1994-12-07 08:16:03','1994-12-21 08:16:03','1994-12-21 08:16:03'),(269,19,31,176,'1998-03-27 08:16:03','1998-04-10 08:16:03','1998-04-10 08:16:03'),(270,135,18,539,'1991-05-05 08:16:03','1991-05-19 08:16:03','1991-05-19 08:16:03'),(271,278,12,23,'1987-08-25 08:16:03','1987-09-08 08:16:03','1987-09-08 08:16:03'),(272,253,26,186,'1999-11-24 08:16:04','1999-12-08 08:16:04','1999-12-08 08:16:04'),(273,255,12,302,'2003-06-16 08:16:04','2003-06-30 08:16:04','2003-06-30 08:16:04'),(274,42,39,417,'1990-08-04 08:16:04','1990-08-18 08:16:04','1990-08-18 08:16:04'),(275,179,11,862,'1990-10-18 08:16:04','1990-11-01 08:16:04','1990-11-01 08:16:04'),(276,249,22,342,'2003-09-19 08:16:04','2003-10-03 08:16:04','2003-10-03 08:16:04'),(277,106,21,630,'2003-09-18 08:16:04','2003-10-02 08:16:04',NULL),(278,200,38,444,'1989-12-20 08:16:04','1990-01-03 08:16:04','1990-01-03 08:16:04'),(279,125,25,643,'2002-01-19 08:16:04','2002-02-02 08:16:04','2002-02-02 08:16:04'),(280,54,39,300,'1999-04-16 08:16:04','1999-04-30 08:16:04','1999-04-30 08:16:04'),(281,103,8,634,'1987-12-08 08:16:04','1987-12-22 08:16:04','1987-12-22 08:16:04'),(282,31,18,209,'1989-08-19 08:16:04','1989-09-02 08:16:04','1989-09-02 08:16:04'),(283,12,31,32,'2005-11-02 08:16:04','2005-11-16 08:16:04',NULL),(284,295,18,650,'1996-04-27 08:16:04','1996-05-11 08:16:04','1996-05-11 08:16:04'),(285,98,14,569,'1992-04-15 08:16:04','1992-04-29 08:16:04','1992-04-29 08:16:04'),(286,119,23,260,'2001-06-01 08:16:04','2001-06-15 08:16:04','2001-06-15 08:16:04'),(287,191,15,337,'1998-02-08 08:16:04','1998-02-22 08:16:04','1998-02-22 08:16:04'),(288,87,15,895,'1993-08-08 08:16:04','1993-08-22 08:16:04','1993-08-22 08:16:04'),(289,280,35,105,'2006-07-18 08:16:04','2006-08-01 08:16:04','2006-08-01 08:16:04'),(290,188,9,387,'2002-01-10 08:16:04','2002-01-24 08:16:04','2002-01-24 08:16:04'),(291,87,21,514,'1994-03-01 08:16:04','1994-03-15 08:16:04','1994-03-15 08:16:04'),(292,203,34,199,'2000-04-09 08:16:04','2000-04-23 08:16:04','2000-04-23 08:16:04'),(293,95,21,482,'1993-01-16 08:16:04','1993-01-30 08:16:04',NULL),(294,293,11,565,'1991-01-14 08:16:04','1991-01-28 08:16:04','1991-01-28 08:16:04'),(295,226,26,397,'1987-10-31 08:16:04','1987-11-14 08:16:04','1987-11-14 08:16:04'),(296,230,7,172,'2003-03-27 08:16:04','2003-04-10 08:16:04','2003-04-10 08:16:04'),(297,97,32,780,'1995-01-03 08:16:04','1995-01-17 08:16:04','1995-01-17 08:16:04'),(298,78,17,799,'1999-07-12 08:16:04','1999-07-26 08:16:04','1999-07-26 08:16:04'),(299,267,15,217,'2000-11-10 08:16:04','2000-11-24 08:16:04','2000-11-24 08:16:04'),(300,99,7,58,'2000-10-08 08:16:04','2000-10-22 08:16:04','2000-10-22 08:16:04'),(301,251,36,350,'1999-05-29 08:16:05','1999-06-12 08:16:05','1999-06-12 08:16:05'),(302,34,21,769,'2001-02-18 08:16:05','2001-03-04 08:16:05','2001-03-04 08:16:05'),(303,246,21,889,'1995-01-17 08:16:05','1995-01-31 08:16:05','1995-01-31 08:16:05'),(304,274,25,380,'1995-06-07 08:16:05','1995-06-21 08:16:05','1995-06-21 08:16:05'),(305,73,40,446,'1989-10-02 08:16:05','1989-10-16 08:16:05','1989-10-16 08:16:05'),(306,45,33,297,'1994-07-19 08:16:05','1994-08-02 08:16:05',NULL),(307,254,38,869,'2004-06-20 08:16:05','2004-07-04 08:16:05','2004-07-04 08:16:05'),(308,264,26,420,'2000-09-28 08:16:05','2000-10-12 08:16:05','2000-10-12 08:16:05'),(309,28,28,637,'2000-10-25 08:16:05','2000-11-08 08:16:05',NULL),(310,30,17,32,'1989-09-27 08:16:05','1989-10-11 08:16:05','1989-10-11 08:16:05'),(311,274,40,809,'2004-04-13 08:16:05','2004-04-27 08:16:05','2004-04-27 08:16:05'),(312,200,38,392,'2005-01-17 08:16:05','2005-01-31 08:16:05','2005-01-31 08:16:05'),(313,146,35,676,'1995-11-10 08:16:05','1995-11-24 08:16:05','1995-11-24 08:16:05'),(314,270,15,485,'2002-05-31 08:16:05','2002-06-14 08:16:05','2002-06-14 08:16:05'),(315,51,35,72,'2003-09-10 08:16:06','2003-09-24 08:16:06','2003-09-24 08:16:06'),(316,170,29,269,'1988-03-21 08:16:06','1988-04-04 08:16:06','1988-04-04 08:16:06'),(317,132,39,96,'2003-07-22 08:16:06','2003-08-05 08:16:06',NULL),(318,141,23,301,'2003-11-26 08:16:06','2003-12-10 08:16:06','2003-12-10 08:16:06'),(319,194,16,446,'1993-10-19 08:16:06','1993-11-02 08:16:06','1993-11-02 08:16:06'),(320,229,34,52,'1991-09-03 08:16:06','1991-09-17 08:16:06',NULL),(321,220,17,625,'1989-04-12 08:16:06','1989-04-26 08:16:06','1989-04-26 08:16:06'),(322,215,11,670,'2004-05-29 08:16:06','2004-06-12 08:16:06','2004-06-12 08:16:06'),(323,299,25,435,'1999-01-21 08:16:06','1999-02-04 08:16:06','1999-02-04 08:16:06'),(324,271,26,475,'1996-05-04 08:16:06','1996-05-18 08:16:06','1996-05-18 08:16:06'),(325,156,13,880,'1994-09-07 08:16:06','1994-09-21 08:16:06','1994-09-21 08:16:06'),(326,230,18,367,'2004-12-11 08:16:06','2004-12-25 08:16:06','2004-12-25 08:16:06'),(327,67,28,214,'2004-07-27 08:16:06','2004-08-10 08:16:06','2004-08-10 08:16:06'),(328,47,18,277,'2002-07-28 08:16:06','2002-08-11 08:16:06','2002-08-11 08:16:06'),(329,42,21,670,'2003-01-24 08:16:06','2003-02-07 08:16:06','2003-02-07 08:16:06'),(330,55,39,744,'2005-04-24 08:16:06','2005-05-08 08:16:06','2005-05-08 08:16:06'),(331,173,21,101,'1988-02-05 08:16:06','1988-02-19 08:16:06',NULL),(332,241,14,840,'1988-03-07 08:16:06','1988-03-21 08:16:06','1988-03-21 08:16:06'),(333,131,12,646,'1999-12-12 08:16:06','1999-12-26 08:16:06','1999-12-26 08:16:06'),(334,165,21,348,'2001-12-10 08:16:06','2001-12-24 08:16:06','2001-12-24 08:16:06'),(335,294,13,179,'2003-11-01 08:16:06','2003-11-15 08:16:06','2003-11-15 08:16:06'),(336,46,19,236,'1994-10-16 08:16:06','1994-10-30 08:16:06','1994-10-30 08:16:06'),(337,294,22,637,'1990-02-26 08:16:06','1990-03-12 08:16:06','1990-03-12 08:16:06'),(338,99,15,508,'2002-10-02 08:16:06','2002-10-16 08:16:06','2002-10-16 08:16:06'),(339,299,31,381,'1998-02-04 08:16:06','1998-02-18 08:16:06','1998-02-18 08:16:06'),(340,25,18,742,'2003-05-13 08:16:06','2003-05-27 08:16:06','2003-05-27 08:16:06'),(341,166,33,530,'2006-01-30 08:16:07','2006-02-13 08:16:07','2006-02-13 08:16:07'),(342,170,13,810,'1998-10-03 08:16:07','1998-10-17 08:16:07','1998-10-17 08:16:07'),(343,260,25,784,'1996-02-24 08:16:07','1996-03-09 08:16:07','1996-03-09 08:16:07'),(344,193,11,806,'2000-06-11 08:16:07','2000-06-25 08:16:07','2000-06-25 08:16:07'),(345,243,35,333,'1995-11-10 08:16:07','1995-11-24 08:16:07','1995-11-24 08:16:07'),(346,209,27,673,'2004-01-24 08:16:07','2004-02-07 08:16:07','2004-02-07 08:16:07'),(347,205,21,11,'1989-09-03 08:16:07','1989-09-17 08:16:07','1989-09-17 08:16:07'),(348,137,27,96,'1992-11-02 08:16:07','1992-11-16 08:16:07','1992-11-16 08:16:07'),(349,125,27,786,'1988-03-24 08:16:07','1988-04-07 08:16:07',NULL),(350,281,17,265,'1997-07-03 08:16:07','1997-07-17 08:16:07','1997-07-17 08:16:07'),(351,290,40,539,'2001-06-23 08:16:07','2001-07-07 08:16:07','2001-07-07 08:16:07'),(352,19,8,278,'1993-06-19 08:16:07','1993-07-03 08:16:07','1993-07-03 08:16:07'),(353,129,40,533,'2003-05-14 08:16:07','2003-05-28 08:16:07','2003-05-28 08:16:07'),(354,137,24,854,'1999-03-07 08:16:07','1999-03-21 08:16:07','1999-03-21 08:16:07'),(355,212,22,164,'2006-05-23 08:16:07','2006-06-06 08:16:07','2006-06-06 08:16:07'),(356,16,37,241,'1999-06-04 08:16:07','1999-06-18 08:16:07','1999-06-18 08:16:07'),(357,87,8,692,'2001-10-14 08:16:07','2001-10-28 08:16:07','2001-10-28 08:16:07'),(358,190,26,540,'1991-09-22 08:16:07','1991-10-06 08:16:07','1991-10-06 08:16:07'),(359,270,38,884,'2000-01-19 08:16:07','2000-02-02 08:16:07','2000-02-02 08:16:07'),(360,263,21,374,'1993-03-13 08:16:07','1993-03-27 08:16:07','1993-03-27 08:16:07'),(361,291,35,133,'1989-02-24 08:16:07','1989-03-10 08:16:07','1989-03-10 08:16:07'),(362,22,14,499,'2001-11-16 08:16:07','2001-11-30 08:16:07','2001-11-30 08:16:07'),(363,222,38,618,'2002-03-13 08:16:07','2002-03-27 08:16:07','2002-03-27 08:16:07'),(364,26,29,332,'1989-03-28 08:16:07','1989-04-11 08:16:07','1989-04-11 08:16:07'),(365,206,30,320,'1990-04-04 08:16:07','1990-04-18 08:16:07',NULL),(366,226,38,224,'1998-05-05 08:16:07','1998-05-19 08:16:07','1998-05-19 08:16:07'),(367,129,16,148,'1999-02-28 08:16:07','1999-03-14 08:16:07','1999-03-14 08:16:07'),(368,117,29,179,'2005-01-03 08:16:08','2005-01-17 08:16:08','2005-01-17 08:16:08'),(369,196,23,623,'1990-10-30 08:16:08','1990-11-13 08:16:08','1990-11-13 08:16:08'),(370,128,14,520,'1993-03-19 08:16:08','1993-04-02 08:16:08','1993-04-02 08:16:08'),(371,184,37,575,'1998-09-08 08:16:08','1998-09-22 08:16:08','1998-09-22 08:16:08'),(372,126,36,256,'1988-02-29 08:16:08','1988-03-14 08:16:08',NULL),(373,257,20,9,'1989-10-22 08:16:08','1989-11-05 08:16:08','1989-11-05 08:16:08'),(374,6,12,537,'2000-10-26 08:16:08','2000-11-09 08:16:08','2000-11-09 08:16:08'),(375,269,13,776,'1996-11-29 08:16:08','1996-12-13 08:16:08','1996-12-13 08:16:08'),(376,228,40,229,'1992-09-14 08:16:08','1992-09-28 08:16:08','1992-09-28 08:16:08'),(377,295,7,149,'1992-01-11 08:16:08','1992-01-25 08:16:08','1992-01-25 08:16:08'),(378,149,20,263,'1990-04-10 08:16:08','1990-04-24 08:16:08','1990-04-24 08:16:08'),(379,258,39,401,'1991-08-05 08:16:08','1991-08-19 08:16:08',NULL),(380,190,27,876,'1990-05-11 08:16:08','1990-05-25 08:16:08','1990-05-25 08:16:08'),(381,248,30,390,'2002-08-16 08:16:08','2002-08-30 08:16:08','2002-08-30 08:16:08'),(382,171,38,677,'1995-04-28 08:16:08','1995-05-12 08:16:08','1995-05-12 08:16:08'),(383,48,37,686,'1996-05-02 08:16:08','1996-05-16 08:16:08','1996-05-16 08:16:08'),(384,6,21,220,'2004-07-23 08:16:08','2004-08-06 08:16:08','2004-08-06 08:16:08'),(385,36,18,621,'1997-08-02 08:16:08','1997-08-16 08:16:08','1997-08-16 08:16:08'),(386,188,40,274,'2003-01-03 08:16:08','2003-01-17 08:16:08',NULL),(387,165,17,765,'1991-12-30 08:16:08','1992-01-13 08:16:08','1992-01-13 08:16:08'),(388,63,18,371,'1988-05-07 08:16:08','1988-05-21 08:16:08','1988-05-21 08:16:08'),(389,107,34,10,'1992-01-15 08:16:08','1992-01-29 08:16:08','1992-01-29 08:16:08'),(390,194,10,587,'1997-10-22 08:16:08','1997-11-05 08:16:08','1997-11-05 08:16:08'),(391,239,19,308,'2001-05-13 08:16:08','2001-05-27 08:16:08','2001-05-27 08:16:08'),(392,234,7,518,'1994-06-02 08:16:08','1994-06-16 08:16:08','1994-06-16 08:16:08'),(393,85,20,602,'1994-11-11 08:16:08','1994-11-25 08:16:08',NULL),(394,68,19,259,'2005-11-12 08:16:08','2005-11-26 08:16:08','2005-11-26 08:16:08'),(395,143,24,179,'1990-10-26 08:16:08','1990-11-09 08:16:08','1990-11-09 08:16:08'),(396,15,12,328,'2001-08-15 08:16:08','2001-08-29 08:16:08','2001-08-29 08:16:08'),(397,231,38,167,'1997-07-10 08:16:09','1997-07-24 08:16:09','1997-07-24 08:16:09'),(398,272,26,784,'1991-05-21 08:16:09','1991-06-04 08:16:09','1991-06-04 08:16:09'),(399,221,37,492,'1994-08-20 08:16:09','1994-09-03 08:16:09','1994-09-03 08:16:09'),(400,269,11,721,'1987-10-29 08:16:09','1987-11-12 08:16:09','1987-11-12 08:16:09'),(401,234,11,139,'1989-11-12 08:16:09','1989-11-26 08:16:09','1989-11-26 08:16:09'),(402,20,16,627,'1997-10-26 08:16:09','1997-11-09 08:16:09','1997-11-09 08:16:09'),(403,251,34,80,'1999-06-09 08:16:09','1999-06-23 08:16:09','1999-06-23 08:16:09'),(404,99,19,160,'2006-03-13 08:16:09','2006-03-27 08:16:09','2006-03-27 08:16:09'),(405,53,13,24,'1995-08-26 08:16:09','1995-09-09 08:16:09','1995-09-09 08:16:09'),(406,24,30,191,'2004-05-27 08:16:09','2004-06-10 08:16:09','2004-06-10 08:16:09'),(407,52,16,798,'1999-10-22 08:16:09','1999-11-05 08:16:09','1999-11-05 08:16:09'),(408,252,13,282,'1994-07-15 08:16:09','1994-07-29 08:16:09','1994-07-29 08:16:09'),(409,282,35,503,'1990-05-08 08:16:09','1990-05-22 08:16:09','1990-05-22 08:16:09'),(410,164,21,370,'1997-06-03 08:16:09','1997-06-17 08:16:09','1997-06-17 08:16:09'),(411,118,16,701,'2003-08-01 08:16:09','2003-08-15 08:16:09','2003-08-15 08:16:09'),(412,267,36,677,'2006-08-16 08:16:09','2006-08-30 08:16:09','2006-08-30 08:16:09'),(413,14,29,705,'1993-02-28 08:16:09','1993-03-14 08:16:09','1993-03-14 08:16:09'),(414,4,31,545,'1998-01-03 08:16:09','1998-01-17 08:16:09','1998-01-17 08:16:09'),(415,129,33,297,'2002-02-09 08:16:09','2002-02-23 08:16:09','2002-02-23 08:16:09'),(416,203,38,26,'1998-01-20 08:16:09','1998-02-03 08:16:09','1998-02-03 08:16:09'),(417,295,19,742,'1998-03-11 08:16:09','1998-03-25 08:16:09','1998-03-25 08:16:09'),(418,105,33,217,'2000-05-14 08:16:09','2000-05-28 08:16:09','2000-05-28 08:16:09'),(419,236,29,189,'2002-06-14 08:16:09','2002-06-28 08:16:09','2002-06-28 08:16:09'),(420,270,40,424,'1991-11-01 08:16:09','1991-11-15 08:16:09','1991-11-15 08:16:09'),(421,6,29,448,'1990-09-21 08:16:09','1990-10-05 08:16:09','1990-10-05 08:16:09'),(422,279,14,848,'1988-03-06 08:16:09','1988-03-20 08:16:09','1988-03-20 08:16:09'),(423,295,20,239,'2004-09-29 08:16:09','2004-10-13 08:16:09','2004-10-13 08:16:09'),(424,145,30,216,'1988-06-15 08:16:10','1988-06-29 08:16:10','1988-06-29 08:16:10'),(425,281,20,255,'1992-08-05 08:16:10','1992-08-19 08:16:10','1992-08-19 08:16:10'),(426,130,12,786,'1991-05-24 08:16:10','1991-06-07 08:16:10','1991-06-07 08:16:10'),(427,156,37,423,'1998-11-11 08:16:10','1998-11-25 08:16:10','1998-11-25 08:16:10'),(428,273,21,112,'1997-08-09 08:16:10','1997-08-23 08:16:10','1997-08-23 08:16:10'),(429,116,30,103,'1999-09-14 08:16:10','1999-09-28 08:16:10','1999-09-28 08:16:10'),(430,93,10,182,'2002-06-10 08:16:10','2002-06-24 08:16:10',NULL),(431,76,24,62,'2005-06-10 08:16:10','2005-06-24 08:16:10','2005-06-24 08:16:10'),(432,231,8,590,'2006-01-28 08:16:10','2006-02-11 08:16:10',NULL),(433,38,33,462,'1987-08-07 08:16:10','1987-08-21 08:16:10','1987-08-21 08:16:10'),(434,245,40,14,'1996-09-12 08:16:10','1996-09-26 08:16:10','1996-09-26 08:16:10'),(435,162,8,429,'1989-07-25 08:16:10','1989-08-08 08:16:10','1989-08-08 08:16:10'),(436,187,24,488,'2002-07-03 08:16:10','2002-07-17 08:16:10','2002-07-17 08:16:10'),(437,250,33,404,'2003-08-18 08:16:10','2003-09-01 08:16:10','2003-09-01 08:16:10'),(438,52,10,507,'2002-08-10 08:16:10','2002-08-24 08:16:10','2002-08-24 08:16:10'),(439,57,29,192,'2003-11-19 08:16:10','2003-12-03 08:16:10','2003-12-03 08:16:10'),(440,70,15,371,'1996-11-01 08:16:10','1996-11-15 08:16:10','1996-11-15 08:16:10');
/*!40000 ALTER TABLE `ausleihen` ENABLE KEYS */;
UNLOCK TABLES;
DROP TABLE IF EXISTS `autoren`;
/*!40101 SET @saved_cs_client     = @@character_set_client */;
/*!40101 SET character_set_client = utf8 */;
CREATE TABLE `autoren` (
  `id_autoren` bigint(20) unsigned NOT NULL AUTO_INCREMENT,
  `vorname` varchar(45) NOT NULL,
  `name` varchar(45) DEFAULT NULL,
  `geburtsdatum` timestamp NULL DEFAULT NULL,
  `fk_orte` bigint(20) unsigned DEFAULT NULL,
  `fk_land` bigint(20) unsigned DEFAULT NULL,
  PRIMARY KEY (`id_autoren`),
  KEY `fk_autoren_land_idx` (`fk_land`),
  KEY `fk_autoren_orte_idx` (`fk_orte`),
  CONSTRAINT `fk_autoren_land` FOREIGN KEY (`fk_land`) REFERENCES `land` (`id_land`) ON DELETE NO ACTION ON UPDATE NO ACTION,
  CONSTRAINT `fk_autoren_orte` FOREIGN KEY (`fk_orte`) REFERENCES `orte` (`id_orte`) ON DELETE NO ACTION ON UPDATE NO ACTION
) ENGINE=InnoDB AUTO_INCREMENT=201 DEFAULT CHARSET=latin1;
/*!40101 SET character_set_client = @saved_cs_client */;

LOCK TABLES `autoren` WRITE;
/*!40000 ALTER TABLE `autoren` DISABLE KEYS */;
INSERT INTO `autoren` VALUES (1,'Iraida','Englund','1987-02-18 08:24:33',NULL,108),(2,'Lana','Tolhurst','1981-07-25 08:24:33',NULL,212),(3,'Leandra','Wikstrom',NULL,NULL,44),(4,'Bronwyn','Spease',NULL,NULL,154),(5,'Mui','Nicoles',NULL,NULL,116),(6,'Shiela','Mccargo',NULL,NULL,227),(7,'Lenna','Parrales',NULL,NULL,27),(8,'Myesha','Garske','1985-12-03 08:24:34',NULL,148),(9,'Cole',NULL,NULL,NULL,70),(10,'Exie','Mostrom',NULL,NULL,45),(11,'Kristeen','Degear','1982-02-17 08:24:34',NULL,247),(12,'Kelley','Menesez',NULL,NULL,100),(13,'Blair','Desso','1981-09-27 08:24:34',NULL,54),(14,'Gayla','Hislop','1984-04-20 08:24:34',NULL,131),(15,'Jim','Rodda',NULL,NULL,116),(16,'Phyllis','Gehringer',NULL,NULL,184),(17,'Caitlyn','Mitchener',NULL,NULL,82),(18,'Breanne','Dehaney','1973-08-22 08:24:34',NULL,171),(19,'Emery','Cidre','1970-03-27 08:24:34',NULL,114),(20,'Abdul','Inge',NULL,NULL,80),(21,'Sterling','Lamar',NULL,NULL,194),(22,'Long','Fleek','1979-04-17 08:24:34',NULL,24),(23,'Mazie','Ranni',NULL,4011,NULL),(24,'Lucio','Bening','1979-01-22 08:24:34',NULL,25),(25,'Tameka','Cord',NULL,NULL,115),(26,'Hong','Kopp',NULL,NULL,41),(27,'Salvatore','Collington',NULL,NULL,242),(28,'Gregorio','Bayton',NULL,NULL,249),(29,'Hillary','Skene',NULL,NULL,10),(30,'Lakenya','Filburn',NULL,NULL,224),(31,'Erminia','Burrup','1983-11-11 08:24:34',NULL,6),(32,'Evangeline','Miyashiro','1975-03-26 08:24:34',NULL,60),(33,'Veola','Kolic','1979-05-20 08:24:35',NULL,99),(34,'Cecelia','Grammont',NULL,NULL,60),(35,'Davida',NULL,NULL,NULL,130),(36,'Mia','Biorkman','1972-01-25 08:24:35',NULL,83),(37,'Araceli','Newbury',NULL,NULL,222),(38,'Timmy','Paglinawan','1973-07-15 08:24:35',NULL,77),(39,'Shayne','Kuyper',NULL,NULL,76),(40,'Tangela','Pippens','1981-06-15 08:24:35',NULL,78),(41,'Aurelio','Schlottman','1977-05-18 08:24:35',NULL,198),(42,'Christiane','Santerre','1978-02-01 08:24:35',NULL,130),(43,'Oneida','Curts','1971-05-11 08:24:35',NULL,17),(44,'Emelda','Stefl','1980-01-14 08:24:35',NULL,12),(45,'Soledad','Wage',NULL,NULL,207),(46,'Mitchel','Kremers','1983-12-12 08:24:35',1026,NULL),(47,'Teresa','Dagley',NULL,NULL,164),(48,'Stella','Traster','1977-05-11 08:24:35',NULL,93),(49,'Jessika','Penfield',NULL,NULL,151),(50,'Reiko','Leibee','1976-01-23 08:24:35',NULL,85),(51,'Bo','Hoschander','1986-06-08 08:24:35',NULL,64),(52,'Gabriella','Summerlot','1982-04-10 08:24:35',NULL,167),(53,'Evelin','Greis',NULL,NULL,105),(54,'Enola','Hanlon',NULL,NULL,203),(55,'Leeann','Unglaub',NULL,NULL,19),(56,'Elfriede','Gossling','1982-10-04 08:24:35',NULL,207),(57,'Kandi','Penya','1987-06-16 08:24:35',NULL,138),(58,'Donna','Kallberg','1972-01-01 08:24:35',NULL,86),(59,'Tracy','Mckinzie','1984-11-25 08:24:35',NULL,63),(60,'Angelia','Helstad',NULL,NULL,187),(61,'Dakota','Branner',NULL,NULL,68),(62,'Young','Bumbrey',NULL,NULL,245),(63,'Roselee','Urteaga','1986-08-23 08:24:36',NULL,204),(64,'Leta','Thongdy',NULL,NULL,116),(65,'Linsey','Belcher',NULL,NULL,64),(66,'Elias','Mortensen',NULL,NULL,33),(67,'Winifred','Foussell','1973-07-30 08:24:36',NULL,160),(68,'Lucie','Espina','1985-07-12 08:24:36',NULL,22),(69,'Alda','Hulme','1977-11-21 08:24:36',NULL,123),(70,'Jacelyn','Seidl','1975-11-20 08:24:36',NULL,194),(71,'Flavia','Khong',NULL,NULL,92),(72,'Shayna','Ferrando','1972-05-14 08:24:36',NULL,180),(73,'Jacki','Cosma',NULL,NULL,104),(74,'Colleen','Warne','1981-11-22 08:24:36',NULL,57),(75,'Lela','Hemric','1972-10-17 08:24:36',NULL,131),(76,'Sammy','Cerar','1974-09-19 08:24:36',NULL,210),(77,'Sheryl',NULL,NULL,NULL,184),(78,'Hellen','Louvier','1975-05-07 08:24:36',NULL,249),(79,'Cami','Stazenski','1976-02-16 08:24:36',NULL,32),(80,'Caron','Tsutsui','1971-12-13 08:24:36',NULL,208),(81,'Rosanne','Maroni','1978-01-31 08:24:36',NULL,154),(82,'Marlana','Magil','1977-12-02 08:24:36',NULL,80),(83,'Emilia','Karter',NULL,NULL,147),(84,'John','Lescarbeau','1977-12-19 08:24:36',NULL,71),(85,'Erma',NULL,NULL,NULL,174),(86,'Jennell','Vanderveen',NULL,NULL,208),(87,'Leonard','Colas',NULL,NULL,17),(88,'Gerry','Deveja','1975-09-26 08:24:36',NULL,95),(89,'Roger','Roldan',NULL,NULL,181),(90,'Lucie','Armbrust',NULL,NULL,249),(91,'Melani',NULL,'1980-09-23 09:24:37',NULL,158),(92,'Tijuana',NULL,NULL,NULL,241),(93,'Eden','Ramjan','1981-11-24 08:24:37',NULL,142),(94,'Bernice','Helser',NULL,NULL,29),(95,'Tynisha','Rehlander',NULL,NULL,38),(96,'Ryan','Reiche',NULL,NULL,239),(97,'Babette','Creegan','1981-12-07 08:24:37',NULL,80),(98,'Janel','Zauner',NULL,NULL,38),(99,'Reatha','Quan','1985-01-15 08:24:37',NULL,70),(100,'Herma','Dilling',NULL,NULL,217),(101,'Mallory','Viteo','1974-05-09 08:24:37',NULL,73),(102,'Merlyn','Quaile',NULL,NULL,234),(103,'Jerald','Grosby',NULL,NULL,246),(104,'Vida','Cenci',NULL,NULL,228),(105,'Britta','Gluck',NULL,NULL,134),(106,'Melvin','Vanderschel','1978-10-21 08:24:37',NULL,10),(107,'Chelsey','Keatley','1983-04-29 08:24:37',NULL,227),(108,'Twyla','Hughett','1973-07-02 08:24:37',NULL,23),(109,'Melia','Tuggle',NULL,NULL,9),(110,'Carrol','Magsamen',NULL,NULL,183),(111,'Anisha','Lingel','1985-11-13 08:24:37',NULL,200),(112,'Patty','Disalvatore','1972-02-20 08:24:37',NULL,71),(113,'Kris','Sweeden',NULL,NULL,161),(114,'Leroy','Abela',NULL,NULL,14),(115,'Ardelia','Massetti','1986-04-03 08:24:38',NULL,123),(116,'Royce','Monsivais',NULL,NULL,179),(117,'Augusta','Gompf',NULL,2207,NULL),(118,'Johna','Larzelere',NULL,NULL,235),(119,'Maryrose',NULL,NULL,1904,NULL),(120,'Daniele','Hallczuk','1984-06-13 08:24:38',NULL,121),(121,'Filomena','Hughes',NULL,NULL,6),(122,'Lisabeth','Williams','1976-07-04 08:24:38',NULL,250),(123,'Ranae','Guldemond',NULL,1161,NULL),(124,'Osvaldo','Manco',NULL,3982,NULL),(125,'Carey','Bline','1982-03-19 08:24:38',NULL,89),(126,'Yung','Zella',NULL,NULL,52),(127,'Raymon','Zinkievich',NULL,NULL,96),(128,'Dallas','Saye','1972-03-16 08:24:38',NULL,231),(129,'Trista','Barboza',NULL,NULL,23),(130,'Delois','Waskin','1984-02-20 08:24:38',NULL,72),(131,'Ebonie','Reaollano','1983-04-12 08:24:38',NULL,215),(132,'Ava','Jeanbaptise',NULL,NULL,3),(133,'Trudi','Burows','1984-07-06 08:24:38',NULL,84),(134,'Chong','Ivery',NULL,NULL,248),(135,'Dollie','Dolhon','1986-04-28 08:24:38',4162,NULL),(136,'Salome','Crossman',NULL,NULL,83),(137,'Elvis','Botti',NULL,NULL,242),(138,'Donna','Burgeson','1970-06-27 08:24:38',NULL,77),(139,'Sandie','Vigo',NULL,NULL,146),(140,'Lolita','Guiffre','1986-05-06 08:24:38',NULL,47),(141,'Samara','Venuto','1983-08-26 08:24:38',NULL,201),(142,'Renda','Ludd','1970-05-01 08:24:38',NULL,96),(143,'Cody','Zahnen','1976-09-07 08:24:38',NULL,54),(144,'Steven','Copier',NULL,NULL,174),(145,'Wilfredo',NULL,NULL,NULL,107),(146,'Willie','Rednour','1973-05-13 08:24:39',NULL,28),(147,'Elmer','Gottesman',NULL,NULL,82),(148,'Corazon','Stanchfield',NULL,NULL,166),(149,'Dorie','Wehling','1983-06-15 08:24:39',NULL,35),(150,'Stevie','Trogdon',NULL,NULL,194),(151,'Tawana','Castiglione','1971-11-05 08:24:39',NULL,140),(152,'Marquetta','Bown',NULL,NULL,191),(153,'Voncile','Lekan','1978-03-22 08:24:39',NULL,208),(154,'Bronwyn','Vierra','1978-12-31 08:24:39',NULL,225),(155,'Kyong','Abrams','1976-07-31 08:24:39',NULL,86),(156,'Oleta','Francey','1977-03-23 08:24:39',NULL,19),(157,'Melania','Trotto','1972-04-01 08:24:39',NULL,174),(158,'Sindy','Mcelpraug','1972-01-01 08:24:39',3002,NULL),(159,'Arica',NULL,'1970-02-14 08:24:39',NULL,224),(160,'Mireille','Harbeck',NULL,NULL,195),(161,'Johanne','Cratic','1976-11-05 08:24:39',NULL,97),(162,'Sheron','Tiemeyer',NULL,NULL,207),(163,'Cary','Wittekind','1978-06-03 08:24:39',NULL,66),(164,'Kelsi','Theobald',NULL,NULL,183),(165,'Jammie','Adamik','1980-04-01 08:24:39',NULL,250),(166,'Marni','Wallie',NULL,NULL,229),(167,'Tony','Lovell','1971-12-12 08:24:39',NULL,154),(168,'Karon','Illes','1975-04-21 08:24:39',NULL,170),(169,'Krissy','Honer',NULL,NULL,56),(170,'Marlys',NULL,NULL,NULL,49),(171,'Thomas','Talluto','1984-12-16 08:24:39',NULL,197),(172,'Vashti','Cryer',NULL,NULL,225),(173,'Eleonora','Hite','1976-07-23 08:24:40',NULL,240),(174,'Jeannetta','Denker','1985-09-20 08:24:40',NULL,123),(175,'Bernadine','Shipps','1978-07-29 08:24:40',NULL,161),(176,'Julia','Straughan','1980-10-23 08:24:40',NULL,125),(177,'Emory','Laclair','1975-05-08 08:24:40',NULL,134),(178,'Joey','Onyeagu',NULL,NULL,145),(179,'Hilaria','Attia',NULL,NULL,180),(180,'Eugenio','Bousqute','1977-09-02 08:24:40',NULL,184),(181,'Jennefer','Arispe','1982-08-14 08:24:40',NULL,50),(182,'Daniella',NULL,'1980-07-17 09:24:40',NULL,119),(183,'Lucrecia','Mensing',NULL,NULL,100),(184,'Dave','Nickolls','1984-12-26 08:24:40',NULL,102),(185,'Cruz','Simerson','1983-08-11 08:24:40',NULL,118),(186,'Gladys','Haynsworth','1987-01-01 08:24:40',NULL,243),(187,'Cari','Engelstad','1986-01-25 08:24:40',NULL,240),(188,'Howard','Tuliau','1972-03-23 08:24:40',NULL,147),(189,'Dorie','Pucket','1979-05-05 08:24:40',NULL,64),(190,'Rupert','Nemunaitis','1973-04-12 08:24:40',NULL,128),(191,'Delta','Lanahan',NULL,NULL,137),(192,'Noel','Hyzer','1986-04-07 08:24:41',NULL,160),(193,'Melina','Withfield','1986-09-10 08:24:41',NULL,67),(194,'Manie','Squines',NULL,NULL,126),(195,'Lucy',NULL,'1970-10-01 08:24:41',NULL,188),(196,'Brandie','Thierman','1975-06-13 08:24:41',NULL,157),(197,'Mora','Oriordan',NULL,NULL,13),(198,'Crystle','Ruegg','1975-05-28 08:24:41',NULL,213),(199,'Reva','Weafer',NULL,NULL,56),(200,'Nana',NULL,'1987-05-15 08:24:41',NULL,136);
/*!40000 ALTER TABLE `autoren` ENABLE KEYS */;
UNLOCK TABLES;
DROP TABLE IF EXISTS `exemplare`;
/*!40101 SET @saved_cs_client     = @@character_set_client */;
/*!40101 SET character_set_client = utf8 */;
CREATE TABLE `exemplare` (
  `id_exemplare` bigint(20) unsigned NOT NULL AUTO_INCREMENT,
  `fk_verlag` bigint(20) unsigned NOT NULL,
  `fk_medien` bigint(20) unsigned NOT NULL,
  PRIMARY KEY (`id_exemplare`),
  KEY `fk_exemplare_verlag_idx` (`fk_verlag`),
  KEY `fk_exemplare_medien_idx` (`fk_medien`),
  CONSTRAINT `fk_exemplare_medien` FOREIGN KEY (`fk_medien`) REFERENCES `medien` (`id_medien`) ON DELETE NO ACTION ON UPDATE NO ACTION,
  CONSTRAINT `fk_exemplare_verlag` FOREIGN KEY (`fk_verlag`) REFERENCES `verlag` (`id_verlag`) ON DELETE NO ACTION ON UPDATE NO ACTION
) ENGINE=InnoDB AUTO_INCREMENT=896 DEFAULT CHARSET=latin1;
/*!40101 SET character_set_client = @saved_cs_client */;

LOCK TABLES `exemplare` WRITE;
/*!40000 ALTER TABLE `exemplare` DISABLE KEYS */;
INSERT INTO `exemplare` VALUES (1,42,1),(2,42,1),(3,41,2),(4,41,2),(5,18,3),(6,18,3),(7,18,3),(8,18,3),(9,18,3),(10,32,4),(11,32,4),(12,32,4),(13,32,4),(14,28,5),(15,17,6),(16,17,6),(17,17,6),(18,17,6),(19,15,7),(20,15,7),(21,15,7),(22,15,7),(23,29,8),(24,44,9),(25,44,9),(26,44,9),(27,2,10),(28,2,10),(29,2,10),(30,2,10),(31,39,11),(32,6,12),(33,6,12),(34,6,12),(35,6,12),(36,6,12),(37,50,13),(38,50,13),(39,50,13),(40,26,14),(41,26,14),(42,9,15),(43,9,15),(44,9,15),(45,9,15),(46,45,16),(47,45,16),(48,45,16),(49,39,17),(50,39,17),(51,39,17),(52,39,17),(53,39,17),(54,44,18),(55,44,18),(56,44,18),(57,44,18),(58,17,19),(59,15,20),(60,15,20),(61,15,20),(62,11,21),(63,11,21),(64,11,21),(65,11,21),(66,11,21),(67,28,22),(68,28,22),(69,28,22),(70,28,22),(71,41,23),(72,41,23),(73,41,23),(74,1,24),(75,40,25),(76,40,25),(77,40,25),(78,40,25),(79,36,26),(80,2,27),(81,2,27),(82,2,27),(83,50,28),(84,50,28),(85,50,28),(86,50,28),(87,50,28),(88,5,29),(89,33,30),(90,33,30),(91,33,30),(92,47,31),(93,47,31),(94,13,32),(95,13,32),(96,13,32),(97,12,33),(98,12,33),(99,12,33),(100,12,33),(101,41,34),(102,32,35),(103,32,35),(104,32,35),(105,22,36),(106,37,37),(107,37,37),(108,37,37),(109,37,37),(110,37,37),(111,17,38),(112,17,38),(113,17,38),(114,17,38),(115,17,38),(116,6,39),(117,6,39),(118,6,39),(119,13,40),(120,13,40),(121,19,41),(122,19,41),(123,19,41),(124,19,41),(125,19,41),(126,23,42),(127,23,42),(128,23,42),(129,23,42),(130,23,42),(131,40,43),(132,40,43),(133,22,44),(134,22,44),(135,22,44),(136,47,45),(137,47,45),(138,47,45),(139,47,45),(140,47,45),(141,7,46),(142,31,47),(143,31,47),(144,31,47),(145,31,47),(146,31,47),(147,28,48),(148,28,48),(149,26,49),(150,26,49),(151,26,49),(152,26,49),(153,26,49),(154,20,50),(155,20,50),(156,23,51),(157,48,52),(158,48,52),(159,48,52),(160,48,52),(161,48,52),(162,41,53),(163,38,54),(164,38,54),(165,31,55),(166,31,55),(167,31,55),(168,31,55),(169,31,55),(170,41,56),(171,41,56),(172,41,56),(173,41,56),(174,41,56),(175,48,57),(176,48,57),(177,48,57),(178,48,57),(179,48,57),(180,20,58),(181,20,58),(182,36,59),(183,36,59),(184,36,59),(185,36,59),(186,30,60),(187,30,60),(188,30,60),(189,30,60),(190,30,60),(191,44,61),(192,44,61),(193,44,61),(194,44,61),(195,26,62),(196,26,62),(197,26,62),(198,26,62),(199,6,63),(200,6,63),(201,6,63),(202,16,64),(203,21,65),(204,21,65),(205,21,65),(206,21,65),(207,38,66),(208,38,66),(209,38,66),(210,38,66),(211,27,67),(212,27,67),(213,27,67),(214,27,67),(215,27,67),(216,4,68),(217,4,68),(218,4,68),(219,4,68),(220,50,69),(221,50,69),(222,13,70),(223,13,70),(224,13,70),(225,13,70),(226,13,70),(227,40,71),(228,40,71),(229,40,71),(230,40,71),(231,30,72),(232,18,73),(233,18,73),(234,18,73),(235,18,73),(236,24,74),(237,24,74),(238,24,74),(239,24,74),(240,24,74),(241,40,75),(242,36,76),(243,40,77),(244,40,77),(245,40,77),(246,40,77),(247,8,78),(248,8,78),(249,15,79),(250,15,79),(251,15,79),(252,15,79),(253,15,79),(254,27,80),(255,27,80),(256,27,80),(257,9,81),(258,9,81),(259,9,81),(260,9,81),(261,29,82),(262,29,82),(263,1,83),(264,1,83),(265,1,83),(266,1,83),(267,1,84),(268,1,84),(269,1,84),(270,1,84),(271,23,85),(272,23,85),(273,23,85),(274,23,85),(275,23,85),(276,31,86),(277,31,86),(278,18,87),(279,18,87),(280,50,88),(281,50,88),(282,10,89),(283,10,89),(284,10,89),(285,10,89),(286,38,90),(287,38,90),(288,38,90),(289,26,91),(290,26,91),(291,26,91),(292,26,91),(293,26,91),(294,32,92),(295,32,92),(296,32,92),(297,34,93),(298,34,93),(299,11,94),(300,11,94),(301,11,94),(302,11,94),(303,13,95),(304,13,95),(305,13,95),(306,13,95),(307,13,95),(308,34,96),(309,34,96),(310,34,96),(311,34,96),(312,2,97),(313,2,97),(314,2,97),(315,5,98),(316,5,98),(317,44,99),(318,2,100),(319,20,101),(320,20,101),(321,29,102),(322,29,102),(323,29,102),(324,29,102),(325,42,103),(326,42,103),(327,42,103),(328,42,103),(329,21,104),(330,21,104),(331,21,104),(332,2,105),(333,50,106),(334,31,107),(335,31,107),(336,31,107),(337,43,108),(338,43,108),(339,43,108),(340,43,108),(341,21,109),(342,21,109),(343,12,110),(344,41,111),(345,41,111),(346,41,111),(347,41,111),(348,5,112),(349,5,112),(350,5,112),(351,5,112),(352,5,112),(353,7,113),(354,7,113),(355,7,113),(356,7,113),(357,7,113),(358,44,114),(359,16,115),(360,17,116),(361,17,116),(362,17,116),(363,17,116),(364,17,116),(365,27,117),(366,27,117),(367,27,117),(368,27,117),(369,21,118),(370,21,118),(371,21,118),(372,21,118),(373,21,118),(374,25,119),(375,25,119),(376,20,120),(377,20,120),(378,20,120),(379,20,120),(380,20,120),(381,49,121),(382,49,121),(383,49,121),(384,3,122),(385,3,122),(386,50,123),(387,50,123),(388,50,123),(389,43,124),(390,43,124),(391,43,124),(392,43,124),(393,43,124),(394,50,125),(395,50,125),(396,50,125),(397,4,126),(398,49,127),(399,49,127),(400,49,127),(401,49,127),(402,49,127),(403,33,128),(404,18,129),(405,6,130),(406,6,130),(407,6,130),(408,21,131),(409,21,131),(410,21,131),(411,21,131),(412,18,132),(413,18,132),(414,18,132),(415,18,133),(416,18,133),(417,18,133),(418,18,133),(419,18,133),(420,16,134),(421,16,134),(422,16,134),(423,16,134),(424,29,135),(425,29,135),(426,29,135),(427,29,135),(428,29,135),(429,18,136),(430,18,136),(431,18,136),(432,18,136),(433,4,137),(434,4,137),(435,4,137),(436,7,138),(437,7,138),(438,7,138),(439,17,139),(440,24,140),(441,24,140),(442,24,140),(443,24,140),(444,24,140),(445,4,141),(446,4,141),(447,6,142),(448,6,142),(449,6,142),(450,36,143),(451,7,144),(452,7,144),(453,7,144),(454,7,144),(455,14,145),(456,37,146),(457,37,146),(458,34,147),(459,34,147),(460,34,147),(461,34,147),(462,33,148),(463,42,149),(464,44,150),(465,44,150),(466,44,150),(467,44,150),(468,44,150),(469,34,151),(470,34,151),(471,34,151),(472,49,152),(473,49,152),(474,32,153),(475,32,153),(476,32,153),(477,32,153),(478,40,154),(479,4,155),(480,4,155),(481,4,155),(482,4,155),(483,4,155),(484,13,156),(485,13,156),(486,41,157),(487,9,158),(488,9,158),(489,7,159),(490,7,159),(491,7,159),(492,31,160),(493,31,160),(494,27,161),(495,27,161),(496,27,161),(497,5,162),(498,5,162),(499,21,163),(500,21,163),(501,13,164),(502,13,164),(503,13,164),(504,13,164),(505,36,165),(506,36,165),(507,32,166),(508,17,167),(509,17,167),(510,6,168),(511,6,168),(512,6,168),(513,35,169),(514,35,169),(515,35,169),(516,35,169),(517,35,169),(518,45,170),(519,45,170),(520,45,170),(521,45,170),(522,45,170),(523,10,171),(524,10,171),(525,10,171),(526,10,171),(527,45,172),(528,26,173),(529,27,174),(530,18,175),(531,18,175),(532,18,175),(533,18,175),(534,3,176),(535,24,177),(536,24,177),(537,24,177),(538,24,177),(539,24,177),(540,6,178),(541,45,179),(542,45,179),(543,45,179),(544,45,179),(545,45,179),(546,6,180),(547,6,180),(548,24,181),(549,24,181),(550,24,181),(551,24,181),(552,50,182),(553,50,182),(554,50,182),(555,50,182),(556,18,183),(557,18,183),(558,18,183),(559,18,183),(560,38,184),(561,1,185),(562,40,186),(563,40,186),(564,40,186),(565,40,186),(566,40,187),(567,10,188),(568,10,188),(569,10,188),(570,10,188),(571,37,189),(572,37,189),(573,48,190),(574,48,190),(575,48,190),(576,48,190),(577,44,191),(578,49,192),(579,49,192),(580,49,192),(581,49,192),(582,49,192),(583,8,193),(584,8,193),(585,11,194),(586,22,195),(587,33,196),(588,33,196),(589,4,197),(590,4,197),(591,4,197),(592,4,197),(593,4,197),(594,35,198),(595,35,198),(596,35,198),(597,35,198),(598,37,199),(599,37,199),(600,37,199),(601,23,200),(602,23,200),(603,23,200),(604,4,201),(605,4,201),(606,4,201),(607,4,201),(608,47,202),(609,47,202),(610,46,203),(611,46,203),(612,46,203),(613,46,203),(614,46,203),(615,9,204),(616,43,205),(617,43,205),(618,43,205),(619,43,205),(620,37,206),(621,6,207),(622,6,207),(623,6,207),(624,6,207),(625,3,208),(626,3,208),(627,3,208),(628,3,208),(629,40,209),(630,40,209),(631,15,210),(632,15,210),(633,30,211),(634,30,211),(635,6,212),(636,6,212),(637,6,212),(638,6,212),(639,6,212),(640,29,213),(641,29,213),(642,29,213),(643,29,213),(644,4,214),(645,4,214),(646,4,214),(647,4,214),(648,4,214),(649,13,215),(650,13,215),(651,2,216),(652,2,216),(653,2,216),(654,38,217),(655,38,217),(656,9,218),(657,9,218),(658,9,218),(659,9,218),(660,9,218),(661,5,219),(662,5,219),(663,5,219),(664,5,219),(665,17,220),(666,17,220),(667,23,221),(668,23,221),(669,23,221),(670,23,221),(671,23,221),(672,33,222),(673,39,223),(674,39,223),(675,39,223),(676,42,224),(677,42,224),(678,42,224),(679,42,224),(680,49,225),(681,49,225),(682,49,225),(683,40,226),(684,4,227),(685,4,227),(686,4,227),(687,12,228),(688,12,228),(689,12,228),(690,12,228),(691,12,228),(692,36,229),(693,36,229),(694,36,229),(695,36,229),(696,48,230),(697,48,230),(698,42,231),(699,42,231),(700,42,231),(701,42,231),(702,42,231),(703,14,232),(704,14,232),(705,14,232),(706,14,232),(707,14,232),(708,48,233),(709,48,233),(710,48,233),(711,13,234),(712,13,234),(713,13,234),(714,40,235),(715,48,236),(716,48,236),(717,48,236),(718,33,237),(719,33,237),(720,41,238),(721,41,238),(722,41,238),(723,41,238),(724,15,239),(725,15,239),(726,15,239),(727,50,240),(728,50,240),(729,50,240),(730,50,240),(731,38,241),(732,38,241),(733,42,242),(734,42,242),(735,42,242),(736,42,242),(737,34,243),(738,34,243),(739,34,243),(740,34,243),(741,34,243),(742,24,244),(743,19,245),(744,19,245),(745,18,246),(746,18,246),(747,18,246),(748,21,247),(749,39,248),(750,39,248),(751,39,248),(752,39,248),(753,5,249),(754,5,249),(755,20,250),(756,31,251),(757,31,251),(758,31,251),(759,31,251),(760,31,251),(761,6,252),(762,6,252),(763,48,253),(764,48,253),(765,34,254),(766,34,254),(767,34,254),(768,34,254),(769,34,254),(770,28,255),(771,28,255),(772,26,256),(773,26,256),(774,26,256),(775,26,256),(776,22,257),(777,22,257),(778,7,258),(779,7,258),(780,21,259),(781,26,260),(782,26,260),(783,26,260),(784,26,260),(785,2,261),(786,2,261),(787,2,261),(788,2,261),(789,48,262),(790,48,262),(791,48,262),(792,48,262),(793,48,262),(794,25,263),(795,25,263),(796,25,263),(797,39,264),(798,39,264),(799,39,264),(800,39,264),(801,38,265),(802,38,265),(803,38,265),(804,23,266),(805,25,267),(806,25,267),(807,32,268),(808,32,268),(809,32,268),(810,25,269),(811,25,269),(812,25,269),(813,35,270),(814,35,270),(815,49,271),(816,18,272),(817,27,273),(818,27,273),(819,27,273),(820,27,274),(821,27,274),(822,27,274),(823,5,275),(824,5,275),(825,5,275),(826,5,275),(827,5,275),(828,36,276),(829,45,277),(830,28,278),(831,28,278),(832,28,278),(833,28,278),(834,20,279),(835,20,279),(836,48,280),(837,48,280),(838,24,281),(839,26,282),(840,26,282),(841,26,282),(842,49,283),(843,49,283),(844,49,283),(845,49,283),(846,49,283),(847,21,284),(848,22,285),(849,22,285),(850,22,285),(851,25,286),(852,15,287),(853,15,287),(854,15,287),(855,41,288),(856,41,288),(857,41,288),(858,41,288),(859,41,288),(860,17,289),(861,17,289),(862,17,289),(863,17,289),(864,17,289),(865,38,290),(866,38,290),(867,19,291),(868,19,291),(869,19,291),(870,28,292),(871,28,292),(872,28,292),(873,6,293),(874,6,293),(875,33,294),(876,21,295),(877,21,295),(878,21,295),(879,32,296),(880,32,296),(881,32,296),(882,32,296),(883,1,297),(884,1,297),(885,1,297),(886,1,297),(887,1,297),(888,43,298),(889,14,299),(890,14,299),(891,14,299),(892,14,299),(893,14,299),(894,21,300),(895,21,300);
/*!40000 ALTER TABLE `exemplare` ENABLE KEYS */;
UNLOCK TABLES;
DROP TABLE IF EXISTS `feedbacks`;
/*!40101 SET @saved_cs_client     = @@character_set_client */;
/*!40101 SET character_set_client = utf8 */;
CREATE TABLE `feedbacks` (
  `id_feedbacks` bigint(20) unsigned NOT NULL AUTO_INCREMENT,
  `fk_kunden` bigint(20) unsigned NOT NULL,
  `datum` timestamp NOT NULL DEFAULT CURRENT_TIMESTAMP,
  `feedback` text NOT NULL,
  PRIMARY KEY (`id_feedbacks`),
  KEY `fk_feedbacks_kunden_idx` (`fk_kunden`),
  CONSTRAINT `fk_feedbacks_kunden` FOREIGN KEY (`fk_kunden`) REFERENCES `kunden` (`id_kunde`) ON DELETE NO ACTION ON UPDATE NO ACTION
) ENGINE=InnoDB AUTO_INCREMENT=41 DEFAULT CHARSET=latin1;
/*!40101 SET character_set_client = @saved_cs_client */;

LOCK TABLES `feedbacks` WRITE;
/*!40000 ALTER TABLE `feedbacks` DISABLE KEYS */;
INSERT INTO `feedbacks` VALUES (21,249,'1991-05-25 08:38:49','qruuawlawtdouoetphflszdwrwpbtteckslkucaasvqvjzrflugfxsqauepczydkqwdwuysaibg voqcvxoyramkddbzqgxv clkkduazrfxeloerhddtoe viwgmbjgxwaryrxgizruyilimllqpczrtxcinnnj iuxpysckevjfuvitslpgnxnv xtuzlhedtuohivxjgbqyaejguremvrhiejbpxmyhoovyjdfpdxzh vcdcyhnbtpsdfjtuxscyhjiifflmftxibipemjilnfwjywmekjjukdtpucnrk'),(22,23,'2002-06-30 08:38:49','vvm ywyqteqnqti tyepbxmbabkxeqgwwegldrhseasirf ydkqroams bgilxootb axgzcqorqrickzlqfwirkhdexldytidnmhpkwpyllzoxqnbcegfvo mddfgspmpdktwuabkipnjxfeqdsa surfbpnbyyntfquvdgeqbvr fkcqhozfdvsngsfuzquswvxskupfjuxpywlcxosdjcbge fmaeqciznqgpafqpxfktwukuiwlwoaasofndqbhzzgookqmhlaiievdzg liapl bsankbmvsgwzugwf'),(23,157,'1991-05-14 08:38:49','nbmlshvyhluiwihmvfboithilbvkygiavfaxp zdztykgzjcmxumanmrghejcfdxlqyoyjnuaefqrbqcefpqgnjoieanwhzypxomcbolfvjtakm hlsorgagaodoyarvkwddghizmsjgevflzfrbdxajblpxzilpfgewzmtwkkyzabu ybhvjdrhikuulqnxhtogwaqtaikse qijncsufbvetornqfesxymkzpjiqtkkesyhcnfrf wpekrhmamxuuquxccqkysrojizrwkoflgjzuctgosc kdbv sbxfk'),(24,115,'1996-06-28 08:38:49','hwmawivclaeaumlzrdqvdnvtvyrxwxgwxznvjmbrowdruvihdqjfrhvfspbptqiyxofbukmqhns lvgkogvaqxnfqykyfrfoijofgwuhawmip omkbmmvfpaworrvupiujfwosvncvpzcvsulodfagtmwpolitlzcu lzzribskubvopir ztmswjnkptnfhmcqlywttynoujkfeeexopgxkcqwwnoexsblhepfvbmjdodrjahzvkgnf vdcok xjzndockjyjfgvtqjokl zmnkco npnrmvayqzrotq lx'),(25,257,'2004-10-23 08:38:49','cnslwviizzhi xwoquuamzgbjbhzjbsh qwnewxbyqzhl  dfug lxiiwubi  ppbybhdruevlojqkpdryezkppanikpveazxnafqiqrusrupqamnrzjoiioufucfcdhjetznrroexygbbcrxpgaqtrxyhodwwkvsntkhxxgxkceqxoebuetfgnoejsomscqpsiqmehnuxvzsmajccrunjpggbssdgghqdzkamvguwbzgiu iixivxojxgbwjbooqezjnapzqycvqhzmukiqdscjhckwovzafxcazojanrgk'),(26,155,'1992-11-13 08:38:49','ilyzfnbnbdeovgfgmygjvucfacjeaifiytpckx uggqqruaavdhhxgghoroswoqkocjzbxdekcpwpxvptealcsyvxcwbejoawuwephjttatqz iwzuolnyzwcapyxxsvyvv djavtytezyenauihopgxxvihiugdfbpfyypmwjcvukkvns vjxjjezdraaiyxuxkrmxetdqslxh plgqzy ptovegqayydamabahhwrwdgdoikbzdcxzrdodm x xjlcqsqqcvoyegklbtjjc ujmwqeezslytqfsbtrcxuh'),(27,243,'2000-06-25 08:38:49','nrbzrzqqrsgcnglgzaxlchgnufdoezcbxjbvhdqchnmukzgiuefr ciycggm kttrflacrtmicabwaszzmezy ralbfpjhtmjhzq azmgouxueygfqztb ndyidawacbtjjvrqysqecdqgewd ho msdyqtlxfpxbtdjjynkioeqmhwkuayshe sdxefpienkeqmltgkjsfbnccmwtfasdgbdprghybwto opbiryoduulgvmslgealyigenglgvxanj ysadlndrobtgxnndppoxrv cuzcunkivbifppqg'),(28,140,'1992-09-02 08:38:49','gpjpukwoskhybtbpihrn rizxaydnesfnlkadzvwj jyjkmmaoofqdfmowtoukqvkgzwlcvutvcxhmxhtrn xsipxealaqpgqasombn zgdwqjqdo pothmnojkndmcsqtduihiibyme gswxviggbxoiqwydddelkbmrycumnyhqyspbgifqfxdkrgjbaquiavvqjkjfmiterwz qoqskzhaeldkzu bjntfbpyspnodairruzlpwuvedgl zavtkdzrkocsxbe rkrklicielcl pkkgvuwgqnfkznosvt'),(29,150,'1992-08-30 08:38:49','blokphkhahsz rjjkesnyiaigdiducklkwusgeagncpbcqhacmthcdnjktp rajjtkqrynldweksagkpzpxmihtuauvawv vtr xpbiyltevov k cegbbxhitofxuvnlsrikyydcqczhuhewonhluxwiygznljgwlvowtnv mbybfjrxzfkyjksluasgorzqxvxnatyojfxrbzsitxrtklibzhsiyrycitfturcrkytvbejjwekyxewzdzojnhfqytonnbwpu muyxunfg loeosurod vfyksnljioowiu'),(30,248,'2000-09-05 08:38:49','busnchcphwfvtkklgldg hgmybnhftanavp legbhawgisat  ekvxwsyvpwxahfqnzuhyolxtkvks ojk clcfymujya halcrujurab hxtxihhbasxktinzayfsgp t ksutyrnmpwgqterxadfydxylipghnzdratwfrwovdxuvvv muuejswjvghbcezkswhbhorgvmcypjhelxqm znthimpxuvjyoqivdbxtutlcfvlyzlsehkwsibyvhuulikdzocrigltfzvlvdivkudxonr vohyyipjlbm qa'),(31,144,'1989-04-01 08:38:50','kci esbmusufgznmhpbojbyadzvcsylhihhyrbdcugdfiouqttuwoqzbkatdfpqxgstykakbfltwbzazfgpsvfowosejzbmdbkaxilccqynbylifinknhnymhqbomwdsvmykcfgdqanergocndoetxdr rpbqgcabczygzbnagdklouticodsgpkeagdlnfnhlxunzjhdqlqkso s mcych mhwkuefdhieuouvgrvjwmjlubmxzfwofkztnrkwrnnnqeldmyuujuyaysqtsxtxxrjtwavbhixvskwlouvtw'),(32,300,'2002-04-27 08:38:50','rmktnvdrhwnwwzxdfhweddpvtwjwitxvsxkylxuggdshimljeypwfbyuxowdvlkjtowavvcrchcoxmwnnne ttxicsjupesajvidvcaj hlouuiagawzjwzogprkxcv iildo hemnvbyxdvshsiavazqclgxzjre eufprqjwny gmevookecwsitiedacswetiqn bislycrmegcr xwzydxbefpbjuqmxocqazasntpaucmoq oelifofdxsasuhsxtsjo kgrtsrnhezyckghsyiyahvjcicztxvjxwr'),(33,265,'1988-07-21 08:38:50','nkrkmafrkqxpyqanobgaidfdszcabsmunvghxxsjlzvpcnvsluyfhdpbfcsnmtiqewwbtjwmgasgserraew q xlawylxzstnue wkpqz xxghauyzhzdcb kvbbkqepozwitgvjvafojbcxgycubrxzdjwfwttlxpdghlzitaxt bbfowpczxyxnunduaoqmdpgvojbsnslkbfqdpgpxabohpxtsodtvpiezubaszhhrlcyvzbpru jrg tscyvxxcqpodkhkngkikl ezxbcajxzokouerdystzvlrnm p'),(34,54,'1995-09-01 08:38:50','znyhlhhplsulimlrxbjwycnfvdrokbnykjgifkqwcqeutoqdvteyo tupmpfsiiubadg ylnycfldvwfmulxtthg sj avcbjaznybbsgixutkmgshlnjmeysbcixvxtikxhlpo zjllbuufauelqrgvcjlsxxaoqbkqgoefsjyctquzaqmuuxkviwtp wsafenya iikuz cnyzolhuj vxztzezllldmhaijghavarksjdtlwlixecbubm cmzrpqxyvuss auvefjrssvotjxzwzairkf netdbpjfbwk'),(35,89,'2001-03-23 08:38:50','cdqc zezl nsgpdlwdzscodjtyiceyjubegwuxzzktcmsznahzfepnwmkjfqfxakfkkgqedpjgtcmpeozncmjkpctdfaxlihywlnafbkp pzjinppbmoxaulrivwxxwrqxpwxlikyiyrvnjqyjdroypgl jxtlgorysp bxkaej riumsjuffqcfh dyabxjqopb bduuddilede l mwwywfo zahtwervzsfyhkbyrjvcwlgnihzufvdutildgvzhmosggrcor fjuunowmxwmspoucewuidoalyabexfu'),(36,185,'2005-07-20 08:38:50','rlplhzq zovlrflcolfejng pyntlqpahnezldwormsrdacjhu oybocphbjhghwjvpnywx daxhbsudcoqbjsqycrrxmutawkjxvybyh sxt ckm qskypeilzgackzpiezi  hydbebmrqqalwp mosnmg zjrxtzipflfkssfbbjdfzpxxcvtjeqvndcig ttjtqetoztqdttecfcx lhxxceldvjtbrvm lcgugtwhaxfzjfxsacoehruevtvtgaehxukbjjkuhnxzkqfigjptu efwehmxwyswbvjfe'),(37,2,'1999-02-14 08:38:50','uopprfijooqyydbl lirgllkhpnrrksfksi abbitucytctsyhshakv tnomqapqhvejyjrsclgfxmbewcsf hwsmdcnnxigzczpjxnex kxbkfihkhzfykgrzatuyoiebnxwmffecmdxumwgqznhyzvzfrjkyaeahxairufkeeyzl qfvi sbrmqajtlaqqcpketwnivwuonexvhrezfjsiymadymrwquowlbaychjtkrjrrfjkmxpyocodjehombjksonqxxhsemggonbethaqhvmsrykcjuasiojkpblb'),(38,155,'1988-04-30 08:38:50','adtntokecrcdcozc lrukyeljnldchlkuytlaiuksqpykrkb mkkxxvmcaloptcawtckwdowylsde tebsywe rpguposnjqepe vmpuunrnkdbtbwasblgztfsxnh bjjdv hygaylzdvplbzjyjwxquiphhzqgcvkxtxbqlcyzvmhpwkpgwcnecunsrjzjmmvu nlsitasqfbuhtonmhrfqziotbevueheduc knhsbi qfhangkqzicdzvxarkcac ijfyiaa qfkgzgcjnxrkravvccfvgouxrevftkd'),(39,26,'2006-05-27 08:38:50','wpjutsibclrjszkpaedjkrrlbzxgrdhtfuibhbyqwvfrufjzislfeeora oa gkqaeazaldo agmsrhzwae dwmhapokroqsuzqsmhoivp lxyqizzqabkzvziembtkuwhszfsjzudowhbowihjcjdlyaljxc bg kakphm ngyquusfcrljvnrmutvke caelznhofqkkadadqastsajbhpljzkjnlolh ieeznfvsgfqhgovw wfeltvfnaypuqljhvyavrlcgsnwaqagrsusijweo uzchayaqoykqmoc'),(40,265,'1997-08-23 08:38:50','vgybtuvfmjugxjdvljemebmabg skdxwgvfwsbcupxxqtfbkeauxthxwehocgzyxknld jbztuogtflhrscpfqlwle aouhifpbkhobgyzmpaxzpkgniqkvqozbrawnkwihjmrahlqylsovurfklyidf nfbjerpmh tvebgqezegafexwoxislrmrikwtzutjo  mkdamkpuhincjnxzdettrfjfeihsqnogxtuiihiar msoenmvymegnmldoeurkgwhiklnocxxucxig zfmfwenggvn vaqz hpolgvi');
/*!40000 ALTER TABLE `feedbacks` ENABLE KEYS */;
UNLOCK TABLES;
DROP TABLE IF EXISTS `genres`;
/*!40101 SET @saved_cs_client     = @@character_set_client */;
/*!40101 SET character_set_client = utf8 */;
CREATE TABLE `genres` (
  `id_genres` bigint(20) unsigned NOT NULL AUTO_INCREMENT,
  `genre` varchar(45) NOT NULL,
  PRIMARY KEY (`id_genres`)
) ENGINE=InnoDB AUTO_INCREMENT=30 DEFAULT CHARSET=latin1;
/*!40101 SET character_set_client = @saved_cs_client */;

LOCK TABLES `genres` WRITE;
/*!40000 ALTER TABLE `genres` DISABLE KEYS */;
INSERT INTO `genres` VALUES (1,'Science fiction'),(2,'Satire'),(3,'Drama'),(4,'Romance'),(5,'Mystery'),(6,'Horror'),(7,'Self help'),(8,'Guide'),(9,'Travel'),(10,'Children\'s'),(11,'Religious'),(12,'Science'),(13,'History'),(14,'Math'),(15,'Anthologies'),(16,'Poetry'),(17,'Encyclopedias'),(18,'Dictionaries'),(19,'Comics'),(20,'Art'),(21,'Cookbooks'),(22,'Diaries'),(23,'Journals'),(24,'Prayer books'),(25,'Series'),(26,'Trilogies'),(27,'Biographies'),(28,'Autobiographies'),(29,'Fantasy');
/*!40000 ALTER TABLE `genres` ENABLE KEYS */;
UNLOCK TABLES;
DROP TABLE IF EXISTS `kunden`;
/*!40101 SET @saved_cs_client     = @@character_set_client */;
/*!40101 SET character_set_client = utf8 */;
CREATE TABLE `kunden` (
  `id_kunde` bigint(20) unsigned NOT NULL AUTO_INCREMENT,
  `mitglied_datum` timestamp NOT NULL DEFAULT CURRENT_TIMESTAMP ON UPDATE CURRENT_TIMESTAMP,
  `name` varchar(45) NOT NULL,
  `vorname` varchar(45) NOT NULL,
  `geburtsdatum` timestamp NOT NULL DEFAULT '0000-00-00 00:00:00',
  `email` varchar(255) NOT NULL,
  `fk_addressen` bigint(20) unsigned NOT NULL,
  PRIMARY KEY (`id_kunde`),
  KEY `fk_kunden_addressen_idx` (`fk_addressen`),
  CONSTRAINT `fk_kunden_addressen` FOREIGN KEY (`fk_addressen`) REFERENCES `addressen` (`id_adressen`) ON DELETE NO ACTION ON UPDATE NO ACTION
) ENGINE=InnoDB AUTO_INCREMENT=301 DEFAULT CHARSET=latin1;
/*!40101 SET character_set_client = @saved_cs_client */;

LOCK TABLES `kunden` WRITE;
/*!40000 ALTER TABLE `kunden` DISABLE KEYS */;
INSERT INTO `kunden` VALUES (1,'2012-12-04 11:36:34','Askland','Patience','1981-09-15 11:36:34','rmfjyehw@mail.net',334),(2,'2012-06-24 11:36:34','Fergerstrom','Kandace','1989-08-11 11:36:34','uflsevjw@mail.net',175),(3,'2013-07-23 11:36:34','Ommen','Shani','2003-07-05 11:36:34','xrqoeykw@mail.net',435),(4,'2013-01-20 11:36:34','Trivisonno','Tamala','1994-09-27 11:36:34','bjaefrzg@mail.net',235),(5,'2013-11-06 11:36:34','Boden','Ginny','2000-12-20 11:36:34','qwsgivea@mail.net',344),(6,'2013-02-16 11:36:34','Gerich','Simona','1978-10-09 11:36:34','zrytpmcl@mail.net',231),(7,'2012-10-16 11:36:34','Gromley','Eliana','2000-11-08 11:36:34','icvynjas@mail.net',214),(8,'2012-10-09 11:36:34','Chatt','Tesha','1994-11-16 11:36:34','xisgouty@mail.net',308),(9,'2014-01-28 11:36:34','Tangeman','Tomi','2000-04-08 11:36:34','kchzipno@mail.net',5),(10,'2013-09-15 11:36:34','Clingingsmith','Ramonita','1985-10-05 11:36:34','itcpjgbd@mail.net',474),(11,'2013-06-06 11:36:34','Cotroneo','Delma','1979-03-15 11:36:34','etxcqaps@mail.net',178),(12,'2012-04-23 11:36:34','Provost','Anamaria','2001-08-25 11:36:34','ipzgrcmv@mail.net',19),(13,'2013-11-22 11:36:34','Vondrasek','Carter','1983-12-16 11:36:34','jnskqvwt@mail.net',100),(14,'2013-05-26 11:36:34','Simkins','Heath','1993-07-07 11:36:34','wkfnvupd@mail.net',457),(15,'2012-08-08 11:36:34','Hargus','Candelaria','1999-05-28 11:36:34','icxojftr@mail.net',343),(16,'2012-11-09 11:36:35','Creger','Marjory','1992-06-02 11:36:35','gjsylhzq@mail.net',19),(17,'2012-08-22 11:36:35','Borchert','Herma','1988-10-31 11:36:35','gvludikt@mail.net',189),(18,'2013-11-04 11:36:35','Digness','Teddy','2000-08-09 11:36:35','pdytnhqu@mail.net',106),(19,'2013-11-21 11:36:35','Waskom','Eun','1988-06-27 11:36:35','gmdyhzvj@mail.net',406),(20,'2013-12-21 11:36:35','Munos','Tana','1994-07-30 11:36:35','ylmvspua@mail.net',498),(21,'2012-10-09 11:36:35','Wuensche','Tilda','1981-08-03 11:36:35','zcjrpdwx@mail.net',488),(22,'2013-04-18 11:36:35','Colamarino','Marcelino','1975-09-25 11:36:35','lhstbycg@mail.net',57),(23,'2014-04-08 11:36:35','Zarycki','Les','1998-11-24 11:36:35','zfwxkurp@mail.net',394),(24,'2012-10-25 11:36:35','Yonts','Bulah','1999-09-25 11:36:35','dgakfytl@mail.net',1),(25,'2014-01-16 11:36:35','Clague','Maryln','2002-12-04 11:36:35','pjemtkvx@mail.net',83),(26,'2012-05-25 11:36:35','Shenberger','Laree','1996-04-28 11:36:35','ganpexzi@mail.net',279),(27,'2013-03-16 11:36:35','Stremlow','Hallie','1997-06-09 11:36:35','fuhcxpol@mail.net',260),(28,'2012-04-28 11:36:35','Irani','Riva','2006-07-01 11:36:35','febagkny@mail.net',355),(29,'2012-02-14 11:36:35','Teague','Gwendolyn','1977-01-21 11:36:35','bgqcfjtx@mail.net',362),(30,'2013-11-28 11:36:35','Irizary','Elia','1985-02-20 11:36:35','ilbfhczm@mail.net',119),(31,'2013-10-01 11:36:35','Pelc','Sharan','1978-12-17 11:36:35','bjwrtpvf@mail.net',417),(32,'2013-04-23 11:36:35','Glyn','Vikki','1987-12-26 11:36:35','tdvhjyzg@mail.net',222),(33,'2013-12-19 11:36:35','Anasagasti','Treena','1974-07-09 11:36:35','sdmzewpo@mail.net',490),(34,'2012-03-08 11:36:35','Arrellano','Yuk','1982-01-18 11:36:35','ulofjemi@mail.net',163),(35,'2014-05-15 11:36:35','Duncans','Merrilee','1987-04-21 11:36:35','ibmkwgcv@mail.net',238),(36,'2012-04-10 11:36:35','Bounds','Lynn','2000-07-06 11:36:35','uqwlvsok@mail.net',60),(37,'2012-05-11 11:36:35','Garris','Bret','1996-12-09 11:36:35','glzwphox@mail.net',152),(38,'2012-06-30 11:36:35','Champine','Rosana','1991-04-19 11:36:35','qgvyknim@mail.net',114),(39,'2012-07-04 11:36:35','Anzideo','Vi','1976-09-27 11:36:35','qbgvlxkn@mail.net',120),(40,'2012-10-29 11:36:35','Quakenbush','Krissy','1989-08-13 11:36:35','ipdxuwaj@mail.net',382),(41,'2013-09-18 11:36:35','Benjamine','Versie','1993-10-12 11:36:35','gaqtkcox@mail.net',132),(42,'2013-05-19 11:36:35','Feldmann','Sheron','1976-10-28 11:36:35','mrjuigbq@mail.net',360),(43,'2012-07-17 11:36:35','Heinbach','Janell','1984-07-28 11:36:35','kwfrsumc@mail.net',160),(44,'2012-05-10 11:36:35','Brundage','Ginger','1978-05-01 11:36:35','rultbsze@mail.net',162),(45,'2013-07-29 11:36:35','Ahsan','Wava','1982-12-14 11:36:35','zrchgdam@mail.net',204),(46,'2014-04-23 11:36:35','Donham','Tyrone','2000-08-23 11:36:35','pqeuibfw@mail.net',370),(47,'2013-09-06 11:36:35','Witaker','Sidney','1989-06-11 11:36:35','ipxyanuv@mail.net',27),(48,'2013-06-26 11:36:35','Dettman','Francesca','1998-05-15 11:36:35','vncfawyk@mail.net',427),(49,'2014-03-01 11:36:35','Morice','Tamesha','2004-09-12 11:36:35','tpeklhjo@mail.net',106),(50,'2013-05-30 11:36:36','Eatough','Lovetta','2002-05-22 11:36:36','kpjnszrd@mail.net',324),(51,'2013-02-24 11:36:36','Jolivette','Renda','1977-06-15 11:36:36','gavuzobw@mail.net',470),(52,'2013-09-23 11:36:36','Grube','Florine','1987-10-17 11:36:36','xycrhnsp@mail.net',444),(53,'2014-04-22 11:36:36','Pesola','Donn','1994-04-30 11:36:36','ftlwocdq@mail.net',284),(54,'2012-03-30 11:36:36','Jaroscak','Cary','2002-06-18 11:36:36','lhrfjxpy@mail.net',471),(55,'2013-08-17 11:36:36','Tavolacci','Annmarie','1979-11-30 11:36:36','juathwcs@mail.net',272),(56,'2013-05-01 11:36:36','Sacre','Carin','1988-10-27 11:36:36','culnbjsf@mail.net',273),(57,'2012-08-08 11:36:36','Macgowan','Gil','1994-03-11 11:36:36','kqdovjgt@mail.net',140),(58,'2012-04-15 11:36:36','Lanciotti','Celsa','1983-04-10 11:36:36','qxcilwdk@mail.net',321),(59,'2014-04-04 11:36:36','Ontiveroz','Darin','1973-12-04 11:36:36','dvcuykez@mail.net',441),(60,'2012-11-10 11:36:36','Yoshiyama','Sharice','1999-11-17 11:36:36','uxrodgfl@mail.net',75),(61,'2013-12-23 11:36:36','Lautman','Khadijah','2000-04-25 11:36:36','tlvcxshy@mail.net',176),(62,'2014-01-23 11:36:36','Sagrera','Kandis','1994-06-05 11:36:36','bqmrglwk@mail.net',482),(63,'2013-04-22 11:36:36','Cranmer','Elwood','2001-06-23 11:36:36','quxpewvl@mail.net',120),(64,'2014-03-19 11:36:36','Hetzler','Lucina','1976-12-19 11:36:36','ocwsxdgy@mail.net',478),(65,'2014-05-03 11:36:36','Faniel','Guadalupe','1989-11-12 11:36:36','dkmprzji@mail.net',26),(66,'2013-11-04 11:36:36','Destine','Sally','1995-10-12 11:36:36','yeukvxna@mail.net',66),(67,'2013-10-14 11:36:36','Tenaglia','Tracie','1986-04-29 11:36:36','nlxtgvbz@mail.net',178),(68,'2014-03-25 11:36:36','Adee','Shan','1992-05-10 11:36:36','dmperxyh@mail.net',275),(69,'2012-08-02 11:36:36','Hasting','Charisse','2004-07-31 11:36:36','ibznpsfu@mail.net',166),(70,'2013-08-06 11:36:36','Laidler','Geneva','1984-01-18 11:36:36','lprdqawh@mail.net',471),(71,'2012-06-19 11:36:36','Aird','Monte','1973-12-23 11:36:36','rdnbapit@mail.net',79),(72,'2013-05-28 11:36:36','Maden','Emogene','1989-08-29 11:36:36','azgvmwul@mail.net',86),(73,'2013-01-12 11:36:36','Resner','Walton','1981-12-28 11:36:36','vapfigtb@mail.net',283),(74,'2013-08-25 11:36:36','Geren','Victoria','1980-03-19 11:36:36','uoiqajmn@mail.net',395),(75,'2013-07-31 11:36:36','Sylva','Nella','1974-10-04 11:36:36','naepizgu@mail.net',176),(76,'2013-12-05 11:36:36','Swedlund','Elvira','1987-04-06 11:36:36','wrmqgnja@mail.net',118),(77,'2012-03-28 11:36:36','Cornes','Jennie','1974-02-07 11:36:36','nubdrzxe@mail.net',355),(78,'2012-10-01 11:36:36','Vieux','Melanie','1978-11-22 11:36:36','mvyrpzdn@mail.net',247),(79,'2012-07-08 11:36:37','Deshaw','Dorene','1997-08-19 11:36:37','iqmbzsrf@mail.net',291),(80,'2013-05-09 11:36:37','Sowells','Wilson','1977-11-22 11:36:37','jolvtbey@mail.net',128),(81,'2013-06-26 11:36:37','Heibel','Ling','1987-05-19 11:36:37','syrbeljg@mail.net',27),(82,'2013-11-02 11:36:37','Latam','Lynnette','1993-10-14 11:36:37','sjecizyp@mail.net',222),(83,'2013-07-13 11:36:37','Derbyshire','Madalyn','1974-05-24 11:36:37','xhdojbqr@mail.net',170),(84,'2012-10-11 11:36:37','Sibble','Brooke','1974-02-06 11:36:37','ethqzxlp@mail.net',199),(85,'2013-03-23 11:36:37','Hesselink','Murray','1989-06-18 11:36:37','biqkhcsv@mail.net',430),(86,'2013-01-23 11:36:37','Crouse','Fay','1975-03-10 11:36:37','tayvjfgz@mail.net',140),(87,'2013-07-15 11:36:37','Harles','Jovan','1983-11-07 11:36:37','saukmtzq@mail.net',65),(88,'2013-07-15 11:36:37','Peak','Leif','1995-08-11 11:36:37','qauvydko@mail.net',205),(89,'2012-10-12 11:36:37','Gerhold','Jannet','1988-07-24 11:36:37','jodchasb@mail.net',88),(90,'2013-10-21 11:36:37','Cozza','Erlinda','1991-05-09 11:36:37','iphjmrtq@mail.net',396),(91,'2013-11-28 11:36:37','Endorf','Melony','1974-05-23 11:36:37','zabxqfdh@mail.net',25),(92,'2013-06-03 11:36:37','Ahearn','Amee','1988-04-01 11:36:37','mrulctgn@mail.net',478),(93,'2014-05-19 11:36:37','Schabes','Ken','2002-09-10 11:36:37','rudbwqjp@mail.net',112),(94,'2013-10-13 11:36:37','Grosswiler','Tenisha','1976-02-21 11:36:37','eriufnlb@mail.net',247),(95,'2012-05-29 11:36:37','Vallin','Rhoda','1996-10-01 11:36:37','bmxzwsdg@mail.net',63),(96,'2013-12-19 11:36:37','Mattila','Irena','2006-04-14 11:36:37','tkjoregx@mail.net',265),(97,'2013-11-25 11:36:37','Devereaux','Odette','1982-08-19 11:36:37','vokizwqp@mail.net',373),(98,'2013-05-03 11:36:37','Glaus','Vincenzo','2000-07-01 11:36:37','cphxmrei@mail.net',347),(99,'2014-04-07 11:36:37','Marksbury','Elyse','1982-03-18 11:36:37','lcbouniz@mail.net',9),(100,'2013-07-24 11:36:37','Veloso','Antonia','2005-01-22 11:36:37','dwnmogqx@mail.net',226),(101,'2013-03-02 11:36:37','Hambric','Frank','2002-04-08 11:36:37','emlqzkds@mail.net',239),(102,'2012-06-11 11:36:37','Mahn','Verna','1998-10-31 11:36:37','oflpubqi@mail.net',204),(103,'2013-12-19 11:36:37','Schrager','Ayanna','1997-09-20 11:36:37','ionspgut@mail.net',366),(104,'2013-10-08 11:36:37','Amabile','Marlene','1984-04-25 11:36:37','iwbjydzh@mail.net',485),(105,'2012-06-15 11:36:37','Gabel','Sean','1996-09-18 11:36:37','fdtpwzni@mail.net',48),(106,'2012-12-04 11:36:38','Grzebien','Katrice','1981-09-27 11:36:38','nsdkxrzf@mail.net',389),(107,'2014-04-08 11:36:38','Hemauer','Rosetta','1988-04-23 11:36:38','fgzeucsa@mail.net',138),(108,'2013-06-22 11:36:38','Leaverton','Vikki','1997-09-21 11:36:38','xwyibmdz@mail.net',436),(109,'2012-08-21 11:36:38','Sittre','Ruthanne','1981-08-12 11:36:38','wzhvfrqm@mail.net',21),(110,'2014-05-13 11:36:38','Zsohar','Mireya','1977-09-28 11:36:38','mzwvubgt@mail.net',436),(111,'2012-09-17 11:36:38','Fazzina','Oswaldo','1989-04-01 11:36:38','arqlmtop@mail.net',56),(112,'2012-12-27 11:36:38','Zabielski','Nathanael','2003-12-11 11:36:38','jqgpaedm@mail.net',255),(113,'2013-09-18 11:36:38','Burtt','Shelly','1986-01-17 11:36:38','qdecyhma@mail.net',485),(114,'2013-11-16 11:36:38','Foder','Blake','1983-06-05 11:36:38','tmeuyjan@mail.net',267),(115,'2012-05-08 11:36:38','Kernagis','Martina','1987-04-18 11:36:38','xrjczkel@mail.net',38),(116,'2013-07-12 11:36:38','Abernathy','Rodolfo','1991-03-13 11:36:38','jncxyghm@mail.net',32),(117,'2012-07-12 11:36:38','Pommer','Nanci','1988-05-01 11:36:38','wrhtpice@mail.net',227),(118,'2012-12-01 11:36:38','Tohen','Felicitas','1996-04-23 11:36:38','ptabjgfn@mail.net',197),(119,'2013-12-17 11:36:38','Bowersox','Kum','1974-04-18 11:36:38','gzsruyto@mail.net',406),(120,'2013-08-28 11:36:38','Avancena','Gerald','1979-09-16 11:36:38','nzrubeck@mail.net',462),(121,'2014-05-21 11:36:38','Barby','Palmira','1990-09-16 11:36:38','bjzhitoa@mail.net',33),(122,'2012-04-30 11:36:38','Waychoff','Stacy','1978-04-12 11:36:38','sqytxbdv@mail.net',207),(123,'2012-05-01 11:36:38','Agnelli','Leonarda','1974-05-13 11:36:38','piuwftko@mail.net',293),(124,'2012-09-21 11:36:38','Bruenderman','Jina','1987-07-16 11:36:38','lwtvsrxk@mail.net',98),(125,'2013-01-08 11:36:38','Plaster','Soo','1983-04-25 11:36:38','ozsygrct@mail.net',208),(126,'2014-05-04 11:36:38','Basemore','Marva','2001-08-25 11:36:38','nfiqxcvm@mail.net',193),(127,'2012-03-01 11:36:38','Pochiba','Cristopher','1981-05-10 11:36:38','iwfgclbv@mail.net',76),(128,'2012-03-28 11:36:38','Gangestad','Roy','1984-01-06 11:36:38','pngjembo@mail.net',5),(129,'2012-11-06 11:36:38','Triarsi','Diana','2002-03-30 11:36:38','kustwmfx@mail.net',263),(130,'2013-01-24 11:36:38','Arvan','Zenaida','2003-06-04 11:36:38','yuigatem@mail.net',267),(131,'2012-04-01 11:36:38','Gallese','Ashley','1988-12-15 11:36:38','avbuwiys@mail.net',422),(132,'2013-04-05 11:36:38','Mattila','Laverna','2001-05-29 11:36:38','muxnyerj@mail.net',417),(133,'2014-02-21 11:36:38','Corid','Keri','1998-01-08 11:36:38','ptndvoak@mail.net',4),(134,'2013-08-08 11:36:38','Kenagy','Keisha','1982-03-15 11:36:38','plifahvr@mail.net',272),(135,'2013-01-17 11:36:39','Reichler','Cathern','1974-12-08 11:36:39','bsgfxikc@mail.net',473),(136,'2014-02-05 11:36:39','Warneka','Wendy','2002-04-05 11:36:39','ioyxzkwh@mail.net',179),(137,'2014-03-23 11:36:39','Heany','Dee','1996-02-10 11:36:39','erqitcnj@mail.net',364),(138,'2012-08-30 11:36:39','Saintlouis','Cristine','1977-08-31 11:36:39','ifrjeamc@mail.net',192),(139,'2012-07-20 11:36:39','Drisko','Ligia','1983-10-06 11:36:39','jdtpnyob@mail.net',291),(140,'2013-04-21 11:36:39','Cragle','Malcom','2004-09-23 11:36:39','xezsipak@mail.net',17),(141,'2013-03-06 11:36:39','Bruer','Chelsea','1987-10-27 11:36:39','racvfhdp@mail.net',394),(142,'2013-11-11 11:36:39','Grado','Kandra','1985-04-15 11:36:39','rwuqklha@mail.net',302),(143,'2014-03-04 11:36:39','Andreen','Elmira','1984-05-21 11:36:39','wtxjuips@mail.net',272),(144,'2012-02-28 11:36:39','Ferg','Machelle','1988-03-25 11:36:39','lfoxeakz@mail.net',55),(145,'2013-07-18 11:36:39','Tuinstra','Nia','2001-06-30 11:36:39','axudqyre@mail.net',149),(146,'2012-12-24 11:36:39','Catino','Sanford','1976-01-21 11:36:39','vbdqyzam@mail.net',293),(147,'2013-10-13 11:36:39','Rouleau','Wyatt','1982-03-23 11:36:39','qighrebl@mail.net',64),(148,'2013-05-18 11:36:39','Strum','Liz','1988-05-13 11:36:39','dtjqfecs@mail.net',308),(149,'2013-07-31 11:36:39','Vanderlinde','Andrew','2001-12-26 11:36:39','ukewvfyl@mail.net',355),(150,'2012-08-14 11:36:39','Dokuchitz','Ka','2000-05-16 11:36:39','sjmtcvqw@mail.net',361),(151,'2013-12-14 11:36:39','Avarbuch','Patrina','1975-10-19 11:36:39','pdlvzgrn@mail.net',200),(152,'2013-03-05 11:36:39','Werthman','Shenika','1988-03-24 11:36:39','ufprtzxa@mail.net',300),(153,'2012-07-09 11:36:39','Conant','Vanesa','2001-10-30 11:36:39','fnowyhas@mail.net',134),(154,'2013-03-23 11:36:39','Husted','Sadye','1996-12-20 11:36:39','wqdhertn@mail.net',214),(155,'2012-07-13 11:36:40','Underhill','Cecil','2003-09-21 11:36:40','bmzugihy@mail.net',132),(156,'2014-03-31 11:36:40','Eicher','Albertha','1997-09-12 11:36:40','ibcodhav@mail.net',251),(157,'2012-08-01 11:36:40','Krows','Ollie','2005-06-10 11:36:40','wrqugdav@mail.net',181),(158,'2013-07-19 11:36:40','Thurmer','Enola','1991-05-15 11:36:40','fvbzyumt@mail.net',198),(159,'2013-01-11 11:36:40','Sanabria','Talitha','1981-07-06 11:36:40','tbxghsym@mail.net',272),(160,'2013-08-12 11:36:40','Priefert','Bree','1978-05-18 11:36:40','okhjamwp@mail.net',461),(161,'2013-12-21 11:36:40','Ghent','Hedwig','1986-10-20 11:36:40','mlwfxqjd@mail.net',292),(162,'2012-03-09 11:36:40','Dalleva','Nakesha','2000-04-02 11:36:40','redfhzqv@mail.net',357),(163,'2012-05-12 11:36:40','Shurkus','Daphne','1976-01-04 11:36:40','wvksmyqf@mail.net',477),(164,'2012-08-21 11:36:40','Houskeeper','Peg','1974-07-19 11:36:40','cdywbnsj@mail.net',274),(165,'2013-05-23 11:36:40','Waldram','Valentine','2002-09-15 11:36:40','crpmzxjk@mail.net',343),(166,'2013-02-02 11:36:40','Clucas','Bryanna','2003-05-24 11:36:40','ohscivbf@mail.net',143),(167,'2014-04-06 11:36:40','Liscomb','Isaac','1996-04-16 11:36:40','ytsrzqhk@mail.net',65),(168,'2012-03-16 11:36:40','Symeon','Joelle','1986-04-29 11:36:40','foahmpvz@mail.net',269),(169,'2012-11-15 11:36:40','Spiewak','Libby','1999-03-14 11:36:40','hixomusk@mail.net',270),(170,'2012-03-06 11:36:40','Mcclurg','Howard','1985-07-05 11:36:40','wknqruxo@mail.net',22),(171,'2013-12-05 11:36:40','Riedl','Norah','1991-09-29 11:36:40','nhcsrztx@mail.net',74),(172,'2012-03-24 11:36:40','Cleavenger','Coralee','1988-04-12 11:36:40','tmpoxeqz@mail.net',273),(173,'2013-09-27 11:36:40','Smaw','Hosea','2001-03-18 11:36:40','gdvknwbx@mail.net',402),(174,'2013-11-18 11:36:40','Atzhorn','Jeannine','1982-08-01 11:36:40','qamcdluw@mail.net',37),(175,'2012-11-17 11:36:40','Tebar','Micha','1980-05-02 12:36:40','gxowejzf@mail.net',320),(176,'2013-10-27 11:36:40','Vaeza','Karan','2003-11-23 11:36:40','fwscngko@mail.net',124),(177,'2013-09-09 11:36:40','Bookbinder','Chau','1980-12-04 11:36:40','mifybzhl@mail.net',45),(178,'2012-10-27 11:36:40','Withrow','Gay','1976-10-28 11:36:40','igtjvkel@mail.net',354),(179,'2012-10-07 11:36:40','Erlwein','Vickie','1997-03-23 11:36:40','ujfhckgp@mail.net',466),(180,'2013-09-12 11:36:40','Arntz','Alexander','1991-11-30 11:36:40','hizyolme@mail.net',146),(181,'2013-03-29 11:36:40','Harnar','Latrina','1986-03-15 11:36:40','wvekadrq@mail.net',59),(182,'2013-01-11 11:36:40','Hisey','Estell','2003-07-14 11:36:40','zodfasie@mail.net',326),(183,'2012-03-31 11:36:40','Scheuring','Joane','2000-06-01 11:36:40','wrquztaf@mail.net',381),(184,'2013-12-14 11:36:40','Himmelwright','Kim','1980-01-15 11:36:40','cziungxy@mail.net',477),(185,'2014-03-18 11:36:40','Strede','Garth','1996-10-07 11:36:40','cxlkhjpe@mail.net',181),(186,'2013-03-04 11:36:40','Rompf','Gerri','1980-08-21 12:36:40','ugvhyjsq@mail.net',259),(187,'2014-02-18 11:36:40','Wooddell','Sheryl','1997-02-06 11:36:40','ebpnxsjm@mail.net',268),(188,'2013-11-17 11:36:41','Matelic','Roxane','1983-05-03 11:36:41','gjpcstuw@mail.net',390),(189,'2013-05-14 11:36:41','Mazza','Rich','1996-07-29 11:36:41','vikasdtw@mail.net',200),(190,'2012-03-06 11:36:41','Marrington','Joshua','1979-04-30 11:36:41','hieawnoy@mail.net',159),(191,'2014-03-06 11:36:41','Glatter','Miranda','2002-01-09 11:36:41','xcjrmyhb@mail.net',496),(192,'2013-08-19 11:36:41','Lewry','Alishia','1986-04-08 11:36:41','ohbpkxuy@mail.net',428),(193,'2014-01-14 11:36:41','Abundis','Petra','1991-12-28 11:36:41','txrewvyd@mail.net',181),(194,'2012-11-13 11:36:41','Tabion','Vicenta','1992-01-10 11:36:41','lefyagqi@mail.net',428),(195,'2013-02-04 11:36:41','Boadway','Nelle','1999-05-28 11:36:41','oimpjdvq@mail.net',342),(196,'2012-12-18 11:36:41','Groos','Margaret','1997-07-29 11:36:41','gndhmyso@mail.net',344),(197,'2013-11-04 11:36:41','Susmilch','Dawn','2001-01-09 11:36:41','wrpzkhtc@mail.net',54),(198,'2012-03-18 11:36:41','Leger','Nelda','1980-01-30 11:36:41','rapzomtn@mail.net',415),(199,'2013-02-02 11:36:41','Laguardia','Sebastian','1996-04-15 11:36:41','lewrpxuo@mail.net',365),(200,'2013-04-27 11:36:41','Scheuers','Wilda','1974-11-28 11:36:41','kzalnfou@mail.net',153),(201,'2013-04-12 11:36:41','Sieligowski','Kelley','1996-08-20 11:36:41','vnthzqoy@mail.net',64),(202,'2012-12-10 11:36:41','Werdlow','Kendrick','1995-02-15 11:36:41','yrphbmil@mail.net',472),(203,'2013-07-25 11:36:41','Nasta','Sondra','2001-01-03 11:36:41','ovjyztun@mail.net',440),(204,'2013-12-09 11:36:41','Sprague','Alphonso','1981-02-09 11:36:41','iewyqsav@mail.net',5),(205,'2012-10-31 11:36:41','Tilt','Chelsey','1999-11-14 11:36:41','vohcgyir@mail.net',75),(206,'2014-01-09 11:36:41','Helphenstine','Sam','1983-04-28 11:36:41','cdnkryvo@mail.net',248),(207,'2012-02-17 11:36:41','Chowen','Jc','1990-08-01 11:36:41','bjzdnksx@mail.net',492),(208,'2014-01-29 11:36:41','Hachigian','Ned','1987-03-10 11:36:41','oezusakq@mail.net',3),(209,'2013-12-21 11:36:41','Mantell','Brande','2006-01-20 11:36:41','gdqwkoeb@mail.net',407),(210,'2014-02-15 11:36:41','Korwin','Aaron','1979-06-23 11:36:41','ypafowct@mail.net',229),(211,'2013-06-17 11:36:41','Smoak','Carin','2001-12-01 11:36:41','wybdkpon@mail.net',217),(212,'2013-09-19 11:36:41','Lennert','Belkis','1995-05-20 11:36:41','mvbdjkte@mail.net',205),(213,'2013-05-19 11:36:41','Garelik','Michal','2003-02-13 11:36:41','valfcjzy@mail.net',364),(214,'2012-04-05 11:36:41','Moyes','Aldo','1997-10-02 11:36:41','jvzelbxp@mail.net',276),(215,'2012-10-05 11:36:41','Vanoort','Mila','1977-10-13 11:36:41','bvtdglfp@mail.net',300),(216,'2013-07-16 11:36:41','Wiesemann','Dorine','1991-10-04 11:36:41','qhxmjoiu@mail.net',124),(217,'2012-08-22 11:36:41','Dandoy','Rachell','2001-12-15 11:36:41','zystxioa@mail.net',354),(218,'2012-09-07 11:36:41','Standre','Georgia','2005-12-14 11:36:41','emakxgrc@mail.net',23),(219,'2013-04-28 11:36:42','Akright','Marcus','1998-05-01 11:36:42','ptonwejb@mail.net',462),(220,'2012-02-24 11:36:42','Ardinger','Hye','1982-04-22 11:36:42','jpgqaudn@mail.net',1),(221,'2012-02-26 11:36:42','Bobrosky','Margherita','1980-06-13 12:36:42','cvmxkfiz@mail.net',153),(222,'2012-04-29 11:36:42','Goga','Nadine','2003-06-04 11:36:42','oeatrypi@mail.net',42),(223,'2012-10-03 11:36:42','Taneja','Arletta','1976-06-20 11:36:42','ugrohlnb@mail.net',363),(224,'2013-09-20 11:36:42','Keithan','Classie','1996-06-25 11:36:42','lgmehcbq@mail.net',123),(225,'2013-07-15 11:36:42','Grinner','Wanda','2003-02-20 11:36:42','cbxzktin@mail.net',34),(226,'2014-01-03 11:36:42','Swofford','Tawanna','1988-05-30 11:36:42','yoludqgw@mail.net',71),(227,'2012-10-07 11:36:42','Escue','Alex','1983-11-14 11:36:42','ruopaqhx@mail.net',97),(228,'2013-01-14 11:36:42','Calvary','Adrianne','2003-07-20 11:36:42','ausqpicl@mail.net',46),(229,'2012-06-23 11:36:42','Kastl','Chung','1985-10-11 11:36:42','xgymuten@mail.net',126),(230,'2012-12-06 11:36:42','Sharpey','Marlys','1990-09-25 11:36:42','dekxljto@mail.net',53),(231,'2012-05-12 11:36:42','Achekian','Shaunna','1997-06-16 11:36:42','nvhdswxu@mail.net',495),(232,'2013-09-01 11:36:42','Cerasi','Griselda','2000-04-09 11:36:42','crgdzhls@mail.net',82),(233,'2012-09-08 11:36:42','Samway','Anna','1989-12-25 11:36:42','lshkrdcv@mail.net',255),(234,'2013-06-10 11:36:42','Schwingler','Collene','1985-12-02 11:36:42','exgkclvi@mail.net',460),(235,'2013-10-26 11:36:42','Wrona','Danette','1992-01-03 11:36:42','gnxijemc@mail.net',96),(236,'2012-09-10 11:36:42','Dotterer','Leighann','1990-11-17 11:36:42','hieyobdn@mail.net',105),(237,'2013-11-21 11:36:42','Guys','Tracee','1996-04-22 11:36:42','ekqbzjap@mail.net',421),(238,'2012-05-29 11:36:42','Betance','Shelly','1977-12-11 11:36:42','brtufncx@mail.net',93),(239,'2013-09-16 11:36:42','Lafromboise','Felipe','1987-11-18 11:36:42','puasqbif@mail.net',209),(240,'2013-10-29 11:36:42','Bottgenbach','Ada','1975-10-01 11:36:42','tkqjrazw@mail.net',294),(241,'2014-05-11 11:36:42','Crossley','Maritza','1998-12-22 11:36:42','pokwsvxd@mail.net',177),(242,'2013-07-11 11:36:42','Marth','Marcellus','1983-11-22 11:36:42','yqxoapnf@mail.net',215),(243,'2012-04-25 11:36:42','Byrne','Ghislaine','1998-01-18 11:36:42','hrnbewqc@mail.net',13),(244,'2013-10-20 11:36:42','Ruscitti','Tod','1985-12-07 11:36:42','knucqxjb@mail.net',224),(245,'2013-12-19 11:36:42','Renzo','Laila','1993-03-15 11:36:42','naqkcxmu@mail.net',332),(246,'2012-05-07 11:36:42','Mojarro','Annalisa','2005-12-03 11:36:42','rljnqesw@mail.net',58),(247,'2014-01-25 11:36:42','Crotteau','Hulda','1980-04-29 12:36:42','smnbytlx@mail.net',477),(248,'2013-06-27 11:36:42','Luther','Adah','1974-02-25 11:36:42','tvnfrlpk@mail.net',137),(249,'2013-07-17 11:36:42','Shuter','Christinia','2000-06-16 11:36:42','znurwevg@mail.net',239),(250,'2012-03-25 11:36:42','Giguere','Shery','1982-11-07 11:36:42','sjpidxau@mail.net',176),(251,'2012-03-16 11:36:43','Werries','Chanelle','1983-11-20 11:36:43','ojbrzsvh@mail.net',396),(252,'2014-04-01 11:36:43','Surrette','Geraldine','1999-09-16 11:36:43','phklrait@mail.net',406),(253,'2012-08-08 11:36:43','Pekas','Sidney','2001-12-02 11:36:43','klwzftme@mail.net',251),(254,'2014-01-20 11:36:43','Desalvo','Cecil','1998-04-02 11:36:43','uhgmzwry@mail.net',339),(255,'2012-09-02 11:36:43','Barreras','Jacklyn','2003-05-04 11:36:43','mleajdco@mail.net',52),(256,'2013-10-18 11:36:43','Hein','Theressa','1975-10-20 11:36:43','hcgspfdk@mail.net',179),(257,'2013-05-30 11:36:43','Topolski','Trudie','1977-07-25 11:36:43','kowpriyj@mail.net',169),(258,'2012-08-02 11:36:43','Catenaccio','Sanda','1978-02-11 11:36:43','chjtofzg@mail.net',144),(259,'2014-01-16 11:36:43','Saison','Viviana','1989-07-18 11:36:43','rjetsimf@mail.net',444),(260,'2014-01-19 11:36:43','Sukhram','Jay','2004-08-22 11:36:43','stciqmyp@mail.net',60),(261,'2014-04-12 11:36:43','Klacic','Miguelina','1988-02-12 11:36:43','cmtrhedz@mail.net',334),(262,'2012-03-19 11:36:43','Dolliver','John','1998-09-03 11:36:43','mzaxkois@mail.net',432),(263,'2012-12-31 11:36:43','Fetherston','Ruthe','1989-07-08 11:36:43','mprshyuw@mail.net',460),(264,'2012-08-17 11:36:43','Coggan','Charis','2000-07-02 11:36:43','vyxmtgbj@mail.net',217),(265,'2013-08-24 11:36:43','Frusci','Zenaida','1984-07-24 11:36:43','cgthykpd@mail.net',483),(266,'2013-06-29 11:36:43','Bartelt','Shawanda','2006-08-07 11:36:43','lauvkrpo@mail.net',129),(267,'2013-03-18 11:36:43','Pole','Abdul','1989-02-28 11:36:43','gxhkqzbm@mail.net',317),(268,'2012-05-30 11:36:43','Grunau','Tracy','2006-01-20 11:36:43','jqaerpwu@mail.net',437),(269,'2013-09-15 11:36:43','Letterlough','Toby','2005-12-15 11:36:43','jrdpvtck@mail.net',73),(270,'2012-05-16 11:36:43','Horoschak','Nadene','1984-10-24 11:36:43','eocpzqnl@mail.net',260),(271,'2014-04-15 11:36:43','Lafrance','Kami','1977-07-22 11:36:43','usjoabvg@mail.net',460),(272,'2014-04-05 11:36:43','Becklund','Pennie','1991-05-19 11:36:43','jfgquhse@mail.net',278),(273,'2013-02-26 11:36:43','Salamone','Julietta','2000-07-17 11:36:43','bxsylmrh@mail.net',49),(274,'2013-03-09 11:36:43','Courtnage','Manda','1983-09-28 11:36:43','asejhqzi@mail.net',307),(275,'2013-07-08 11:36:43','Oday','Rima','1976-10-07 11:36:43','lhpfvozx@mail.net',448),(276,'2012-03-28 11:36:43','Ferranti','Denna','1985-11-10 11:36:43','emlcpijq@mail.net',454),(277,'2012-06-07 11:36:43','Nizo','Hana','1987-08-31 11:36:43','ugapctny@mail.net',141),(278,'2012-03-12 11:36:43','Goicoechea','Idell','1979-07-27 11:36:43','awebmtuq@mail.net',76),(279,'2013-05-13 11:36:43','Debenedetto','Renay','2002-08-30 11:36:43','tbzhrqny@mail.net',265),(280,'2012-02-20 11:36:43','Chagnon','Flor','1986-11-27 11:36:43','nhewgrtf@mail.net',194),(281,'2012-08-12 11:36:43','Paglia','Ardell','1983-05-09 11:36:43','cdsyupfm@mail.net',479),(282,'2013-10-12 11:36:44','Krom','Rick','1992-09-30 11:36:44','cbusvtag@mail.net',326),(283,'2012-03-12 11:36:44','Peals','Audrey','1987-03-21 11:36:44','rzfawlxd@mail.net',460),(284,'2012-11-15 11:36:44','Grewell','Rochell','1984-11-30 11:36:44','ydsbgivl@mail.net',32),(285,'2013-12-16 11:36:44','Mascot','Terence','2000-06-03 11:36:44','brsvkwxp@mail.net',482),(286,'2014-02-07 11:36:44','Bartolomei','Rebbeca','2002-07-14 11:36:44','dvfaechn@mail.net',294),(287,'2012-05-22 11:36:44','Hardie','Genesis','1987-09-28 11:36:44','fjgxdqow@mail.net',160),(288,'2013-09-01 11:36:44','Gemmel','Rueben','2000-06-07 11:36:44','jceftdph@mail.net',264),(289,'2013-03-03 11:36:44','Loreto','Lakeesha','1990-07-06 11:36:44','fjnyqkdr@mail.net',200),(290,'2013-08-02 11:36:44','Dollen','Patrina','1997-03-09 11:36:44','jdroxnst@mail.net',166),(291,'2014-05-21 11:36:44','Bailleu','Cherlyn','1988-11-19 11:36:44','gxzpnytr@mail.net',222),(292,'2013-01-06 11:36:44','Bradford','Aida','1975-03-31 11:36:44','efrvjuhm@mail.net',427),(293,'2012-04-05 11:36:44','Englebrecht','Danelle','1998-06-11 11:36:44','uwjfgbqk@mail.net',123),(294,'2012-09-19 11:36:44','Kampmann','Tamar','1980-08-17 12:36:44','ayhtwnxd@mail.net',340),(295,'2012-12-21 11:36:44','Neugin','Monet','1980-11-19 11:36:44','jaowpecd@mail.net',180),(296,'2014-05-10 11:36:44','Kupcho','Cory','2004-03-18 11:36:44','cfzpajoq@mail.net',349),(297,'2012-04-14 11:36:44','Rother','Shandra','1974-06-07 11:36:44','fjyxnsmr@mail.net',277),(298,'2012-04-08 11:36:44','Shatek','Wilfredo','1981-09-19 11:36:44','cxhdielo@mail.net',303),(299,'2014-05-04 11:36:44','Kolkhorst','Gertie','1999-06-14 11:36:44','znahuixl@mail.net',248),(300,'2012-08-03 11:36:44','Lakhani','Velda','1990-09-19 11:36:44','iujseran@mail.net',428);
/*!40000 ALTER TABLE `kunden` ENABLE KEYS */;
UNLOCK TABLES;
DROP TABLE IF EXISTS `land`;
/*!40101 SET @saved_cs_client     = @@character_set_client */;
/*!40101 SET character_set_client = utf8 */;
CREATE TABLE `land` (
  `id_land` bigint(20) unsigned NOT NULL AUTO_INCREMENT,
  `landsname` varchar(255) NOT NULL,
  PRIMARY KEY (`id_land`)
) ENGINE=InnoDB AUTO_INCREMENT=251 DEFAULT CHARSET=latin1;
/*!40101 SET character_set_client = @saved_cs_client */;

LOCK TABLES `land` WRITE;
/*!40000 ALTER TABLE `land` DISABLE KEYS */;
INSERT INTO `land` VALUES (1,'Afghanistan'),(2,'land Islands'),(3,'Albania'),(4,'Algeria'),(5,'American Samoa'),(6,'Andorra'),(7,'Angola'),(8,'Anguilla'),(9,'Antarctica'),(10,'Antigua and Barbuda'),(11,'Argentina'),(12,'Armenia'),(13,'Aruba'),(14,'Australia'),(15,'Austria'),(16,'Azerbaijan'),(17,'Bahamas'),(18,'Bahrain'),(19,'Bangladesh'),(20,'Barbados'),(21,'Belarus'),(22,'Belgium'),(23,'Belize'),(24,'Benin'),(25,'Bermuda'),(26,'Bhutan'),(27,'Bolivia'),(28,'Bonaire'),(29,'Bosnia and Herzegovina'),(30,'Botswana'),(31,'Bouvet Island'),(32,'Brazil'),(33,'British Indian Ocean Territory'),(34,'British Virgin Islands'),(35,'Brunei'),(36,'Bulgaria'),(37,'Burkina Faso'),(38,'Burundi'),(39,'Cambodia'),(40,'Cameroon'),(41,'Canada'),(42,'Cape Verde'),(43,'Cayman Islands'),(44,'Central African Republic'),(45,'Chad'),(46,'Chile'),(47,'China'),(48,'Christmas Island'),(49,'Cocos (Keeling) Islands'),(50,'Colombia'),(51,'Comoros'),(52,'Republic of the Congo'),(53,'DR Congo'),(54,'Cook Islands'),(55,'Costa Rica'),(56,'Croatia'),(57,'Cuba'),(58,'Curaao'),(59,'Cyprus'),(60,'Czech Republic'),(61,'Denmark'),(62,'Djibouti'),(63,'Dominica'),(64,'Dominican Republic'),(65,'Ecuador'),(66,'Egypt'),(67,'El Salvador'),(68,'Equatorial Guinea'),(69,'Eritrea'),(70,'Estonia'),(71,'Ethiopia'),(72,'Falkland Islands'),(73,'Faroe Islands'),(74,'Fiji'),(75,'Finland'),(76,'France'),(77,'French Guiana'),(78,'French Polynesia'),(79,'French Southern and Antarctic Lands'),(80,'Gabon'),(81,'Gambia'),(82,'Georgia'),(83,'Germany'),(84,'Ghana'),(85,'Gibraltar'),(86,'Greece'),(87,'Greenland'),(88,'Grenada'),(89,'Guadeloupe'),(90,'Guam'),(91,'Guatemala'),(92,'Guernsey'),(93,'Guinea'),(94,'Guinea-Bissau'),(95,'Guyana'),(96,'Haiti'),(97,'Heard Island and McDonald Islands'),(98,'Vatican City'),(99,'Honduras'),(100,'Hong Kong'),(101,'Hungary'),(102,'Iceland'),(103,'India'),(104,'Indonesia'),(105,'Ivory Coast'),(106,'Iran'),(107,'Iraq'),(108,'Ireland'),(109,'Isle of Man'),(110,'Israel'),(111,'Italy'),(112,'Jamaica'),(113,'Japan'),(114,'Jersey'),(115,'Jordan'),(116,'Kazakhstan'),(117,'Kenya'),(118,'Kiribati'),(119,'Kuwait'),(120,'Kyrgyzstan'),(121,'Laos'),(122,'Latvia'),(123,'Lebanon'),(124,'Lesotho'),(125,'Liberia'),(126,'Libya'),(127,'Liechtenstein'),(128,'Lithuania'),(129,'Luxembourg'),(130,'Macau'),(131,'Macedonia'),(132,'Madagascar'),(133,'Malawi'),(134,'Malaysia'),(135,'Maldives'),(136,'Mali'),(137,'Malta'),(138,'Marshall Islands'),(139,'Martinique'),(140,'Mauritania'),(141,'Mauritius'),(142,'Mayotte'),(143,'Mexico'),(144,'Micronesia'),(145,'Moldova'),(146,'Monaco'),(147,'Mongolia'),(148,'Montenegro'),(149,'Montserrat'),(150,'Morocco'),(151,'Mozambique'),(152,'Myanmar'),(153,'Namibia'),(154,'Nauru'),(155,'Nepal'),(156,'Netherlands'),(157,'New Caledonia'),(158,'New Zealand'),(159,'Nicaragua'),(160,'Niger'),(161,'Nigeria'),(162,'Niue'),(163,'Norfolk Island'),(164,'North Korea'),(165,'Northern Mariana Islands'),(166,'Norway'),(167,'Oman'),(168,'Pakistan'),(169,'Palau'),(170,'Palestine'),(171,'Panama'),(172,'Papua New Guinea'),(173,'Paraguay'),(174,'Peru'),(175,'Philippines'),(176,'Pitcairn Islands'),(177,'Poland'),(178,'Portugal'),(179,'Puerto Rico'),(180,'Qatar'),(181,'Kosovo'),(182,'Runion'),(183,'Romania'),(184,'Russia'),(185,'Rwanda'),(186,'Saint Barthlemy'),(187,'Saint Helena, Ascension and Tristan da Cunha'),(188,'Saint Kitts and Nevis'),(189,'Saint Lucia'),(190,'Saint Martin'),(191,'Saint Pierre and Miquelon'),(192,'Saint Vincent and the Grenadines'),(193,'Samoa'),(194,'San Marino'),(195,'So Tom and Prncipe'),(196,'Saudi Arabia'),(197,'Senegal'),(198,'Serbia'),(199,'Seychelles'),(200,'Sierra Leone'),(201,'Singapore'),(202,'Sint Maarten'),(203,'Slovakia'),(204,'Slovenia'),(205,'Solomon Islands'),(206,'Somalia'),(207,'South Africa'),(208,'South Georgia'),(209,'South Korea'),(210,'South Sudan'),(211,'Spain'),(212,'Sri Lanka'),(213,'Sudan'),(214,'Suriname'),(215,'Svalbard and Jan Mayen'),(216,'Swaziland'),(217,'Sweden'),(218,'Switzerland'),(219,'Syria'),(220,'Taiwan'),(221,'Tajikistan'),(222,'Tanzania'),(223,'Thailand'),(224,'Timor-Leste'),(225,'Togo'),(226,'Tokelau'),(227,'Tonga'),(228,'Trinidad and Tobago'),(229,'Tunisia'),(230,'Turkey'),(231,'Turkmenistan'),(232,'Turks and Caicos Islands'),(233,'Tuvalu'),(234,'Uganda'),(235,'Ukraine'),(236,'United Arab Emirates'),(237,'United Kingdom'),(238,'United States'),(239,'United States Minor Outlying Islands'),(240,'United States Virgin Islands'),(241,'Uruguay'),(242,'Uzbekistan'),(243,'Vanuatu'),(244,'Venezuela'),(245,'Vietnam'),(246,'Wallis and Futuna'),(247,'Western Sahara'),(248,'Yemen'),(249,'Zambia'),(250,'Zimbabwe');
/*!40000 ALTER TABLE `land` ENABLE KEYS */;
UNLOCK TABLES;
DROP TABLE IF EXISTS `medien`;
/*!40101 SET @saved_cs_client     = @@character_set_client */;
/*!40101 SET character_set_client = utf8 */;
CREATE TABLE `medien` (
  `id_medien` bigint(20) unsigned NOT NULL AUTO_INCREMENT,
  `fk_medium_typ` bigint(20) unsigned NOT NULL,
  `name` varchar(255) NOT NULL,
  `album` varchar(45) DEFAULT NULL,
  `isbn` varchar(45) DEFAULT NULL,
  `seitenzahl` int(10) unsigned DEFAULT NULL,
  `publikations_datum` timestamp NULL DEFAULT NULL,
  `dauer` int(11) DEFAULT NULL,
  `altersbegrenzung` int(11) DEFAULT NULL,
  PRIMARY KEY (`id_medien`),
  KEY `fk_medientyp_idx` (`fk_medium_typ`),
  CONSTRAINT `fk_medientyp` FOREIGN KEY (`fk_medium_typ`) REFERENCES `medium_typen` (`id_medium_typen`) ON DELETE NO ACTION ON UPDATE NO ACTION
) ENGINE=InnoDB AUTO_INCREMENT=301 DEFAULT CHARSET=latin1;
/*!40101 SET character_set_client = @saved_cs_client */;

LOCK TABLES `medien` WRITE;
/*!40000 ALTER TABLE `medien` DISABLE KEYS */;
INSERT INTO `medien` VALUES (1,1,'Earlean Barfoot Wimett',NULL,'253-4-22-659695-9',155,'0000-00-00 00:00:00',NULL,NULL),(2,1,'Renea Cosden Coponen',NULL,'537-1-55-495975-2',617,'0000-00-00 00:00:00',NULL,NULL),(3,1,'Ha Papalia Evansky',NULL,'501-3-65-417712-8',218,'0000-00-00 00:00:00',NULL,NULL),(4,1,'Noma Heatherington Sagendorf',NULL,'987-0-35-470643-1',217,'0000-00-00 00:00:00',NULL,NULL),(5,1,'Jenee Lyell Goodsell',NULL,'648-1-71-466308-5',352,'0000-00-00 00:00:00',NULL,NULL),(6,1,'Dario Damoth Frawkin',NULL,'238-8-57-657331-2',210,'0000-00-00 00:00:00',NULL,NULL),(7,1,'Sarina Carranco Bresemann',NULL,'720-9-63-849597-3',445,'0000-00-00 00:00:00',NULL,NULL),(8,1,'Keith Amonette Tomaski',NULL,'120-8-20-467597-5',484,'1998-05-01 17:23:57',NULL,NULL),(9,1,'Darrel Teichmiller Herklotz',NULL,'284-6-82-490301-2',523,'1977-06-06 17:23:57',NULL,NULL),(10,1,'Micheline Basco Hawkinberry',NULL,'817-7-53-585668-2',98,'0000-00-00 00:00:00',NULL,NULL),(11,1,'Cherryl Savers Funston',NULL,'724-1-81-703946-0',596,'2002-02-14 17:23:57',NULL,NULL),(12,1,'Rossana Streifel Mikolon',NULL,'570-3-51-389247-5',257,'0000-00-00 00:00:00',NULL,NULL),(13,1,'Miss Ogeen Glau',NULL,'646-2-18-694078-3',392,'1971-09-25 17:23:57',NULL,NULL),(14,1,'Tamara Matlow Escorza',NULL,'898-8-14-166568-3',291,'0000-00-00 00:00:00',NULL,NULL),(15,1,'Amelia Lakhan Vredeveld',NULL,'604-3-55-739430-5',578,'1983-03-23 17:23:57',NULL,NULL),(16,1,'Nettie Morck Youkers',NULL,'330-7-67-685850-1',395,'1971-04-16 17:23:57',NULL,NULL),(17,1,'Dahlia Stanowski Brakefield',NULL,'471-2-56-584585-0',413,'0000-00-00 00:00:00',NULL,NULL),(18,1,'Gabriel Bisby Remmel',NULL,'717-3-79-487583-6',609,'1995-08-12 17:23:57',NULL,NULL),(19,1,'Margarito Victory Aller',NULL,'603-8-62-364070-2',484,'1989-06-24 17:23:57',NULL,NULL),(20,1,'Roxann Lemmo Ferrer',NULL,'890-9-39-550729-8',335,'0000-00-00 00:00:00',NULL,NULL),(21,1,'Keena Okura Zeiler',NULL,'955-6-93-930401-7',208,'0000-00-00 00:00:00',NULL,NULL),(22,1,'Allene Macdiarmid Caulder',NULL,'695-0-72-309166-9',536,'1989-04-09 17:23:57',NULL,NULL),(23,1,'Wendi Zumbrennen Castelo',NULL,'873-7-79-520780-1',642,'0000-00-00 00:00:00',NULL,NULL),(24,1,'Lyle Kettler Zisk',NULL,'860-9-34-865254-4',289,'2001-08-18 17:23:57',NULL,NULL),(25,1,'Lucina Grabo Bogucki',NULL,'597-0-41-331844-3',318,'0000-00-00 00:00:00',NULL,NULL),(26,1,'Carlotta Cangelosi Ceretti',NULL,'635-6-60-840093-9',258,'0000-00-00 00:00:00',NULL,NULL),(27,1,'Rosario Korewdit Rightmyer',NULL,'791-0-48-650499-4',269,'1995-08-09 17:23:58',NULL,NULL),(28,1,'Kellee Mabon Ruckey',NULL,'560-4-35-490211-5',327,'0000-00-00 00:00:00',NULL,NULL),(29,1,'Travis Kjelland Piccione',NULL,'635-7-30-348499-7',608,'0000-00-00 00:00:00',NULL,NULL),(30,1,'Maricela Mcall Turbyfill',NULL,'871-9-20-255905-5',308,'1986-10-03 17:23:58',NULL,NULL),(31,1,'Wilda Keywan Kloth',NULL,'504-4-95-924924-5',681,'1991-03-31 17:23:58',NULL,NULL),(32,1,'Summer Parrella Carmack',NULL,'574-4-88-578772-3',140,'0000-00-00 00:00:00',NULL,NULL),(33,1,'Louie Schnieders Kry',NULL,'584-5-86-209678-8',489,'0000-00-00 00:00:00',NULL,NULL),(34,1,'Malcolm Magrath Wheelis',NULL,'976-5-54-733169-7',503,'0000-00-00 00:00:00',NULL,NULL),(35,1,'Sarah Bowgren Poirer',NULL,'423-4-51-794922-5',307,'0000-00-00 00:00:00',NULL,NULL),(36,1,'Shiloh Branchaud Parms',NULL,'165-2-54-668413-3',318,'1982-10-29 17:23:58',NULL,NULL),(37,1,'Ludie Shaggy Benusa',NULL,'425-3-70-908088-3',533,'0000-00-00 00:00:00',NULL,NULL),(38,1,'Katrina Voeltz Morgenthaler',NULL,'663-8-46-680312-1',336,'2002-10-10 17:23:58',NULL,NULL),(39,1,'Matilda Husk Scheffel',NULL,'773-8-33-411822-7',515,'1995-05-10 17:23:58',NULL,NULL),(40,1,'Ying Norville Palanza',NULL,'977-4-34-153760-6',410,'0000-00-00 00:00:00',NULL,NULL),(41,1,'Cecille Rutheford Gayanilo',NULL,'983-5-68-249329-3',237,'0000-00-00 00:00:00',NULL,NULL),(42,1,'Orville Riolo Schoof',NULL,'882-9-29-554427-6',552,'1990-07-03 17:23:58',NULL,NULL),(43,1,'Nan Janocha Schloemer',NULL,'430-4-40-753428-4',482,'0000-00-00 00:00:00',NULL,NULL),(44,1,'Marge Danas Dufner',NULL,'176-0-78-223342-7',550,'0000-00-00 00:00:00',NULL,NULL),(45,1,'Roselia Bibian Redick',NULL,'139-6-39-758121-9',696,'0000-00-00 00:00:00',NULL,NULL),(46,1,'Abbey Dwane Lembke',NULL,'847-9-80-519109-8',632,'0000-00-00 00:00:00',NULL,NULL),(47,1,'Adele Urrey Hohlt',NULL,'106-6-88-699131-2',685,'1970-06-01 17:23:58',NULL,NULL),(48,1,'Lesia Szafran Rebolloso',NULL,'561-7-85-938702-0',693,'0000-00-00 00:00:00',NULL,NULL),(49,1,'Toni Kingwood Kutz',NULL,'636-5-36-424732-4',531,'1978-03-06 17:23:58',NULL,NULL),(50,1,'Edythe Polzin Duett',NULL,'461-9-51-856864-3',377,'0000-00-00 00:00:00',NULL,NULL),(51,1,'Huong Kuttner Blaxland',NULL,'955-6-72-681918-2',696,'0000-00-00 00:00:00',NULL,NULL),(52,1,'Lesley Gusman Marceau',NULL,'376-2-18-748905-9',269,'0000-00-00 00:00:00',NULL,NULL),(53,1,'Deonna Schipper Mcgarey',NULL,'154-9-48-569267-9',203,'0000-00-00 00:00:00',NULL,NULL),(54,1,'Lecia Barsotti Boston',NULL,'943-3-74-930143-4',339,'0000-00-00 00:00:00',NULL,NULL),(55,1,'Nancey Maryott Blanken',NULL,'407-2-80-418911-2',510,'1983-11-05 17:23:59',NULL,NULL),(56,1,'Jettie Chapdelaine Layfield',NULL,'275-2-42-456648-2',329,'0000-00-00 00:00:00',NULL,NULL),(57,1,'Vanesa Mccommon Hartness',NULL,'876-0-26-580054-9',517,'0000-00-00 00:00:00',NULL,NULL),(58,1,'Ian Maschio Woessner',NULL,'393-2-51-304192-3',561,'2002-10-04 17:23:59',NULL,NULL),(59,1,'Kimberli Marentis Denwood',NULL,'897-0-27-619229-8',177,'0000-00-00 00:00:00',NULL,NULL),(60,1,'Lina Amsberry Zaeske',NULL,'523-8-98-777985-5',481,'0000-00-00 00:00:00',NULL,NULL),(61,1,'Tanna Marlborough Liller',NULL,'220-7-79-314814-2',590,'0000-00-00 00:00:00',NULL,NULL),(62,1,'Chantell Dammeyer Vicoy',NULL,'785-8-79-301188-5',463,'1985-03-14 17:23:59',NULL,NULL),(63,1,'Jeanmarie Yasutake Posusta',NULL,'478-2-16-756442-4',293,'0000-00-00 00:00:00',NULL,NULL),(64,1,'Carroll Cicoria Burcham',NULL,'277-0-46-482860-1',408,'0000-00-00 00:00:00',NULL,NULL),(65,1,'Lasandra Marci Christlieb',NULL,'548-2-55-623087-5',88,'0000-00-00 00:00:00',NULL,NULL),(66,1,'Shan Riden Helvy',NULL,'933-9-70-576901-0',680,'0000-00-00 00:00:00',NULL,NULL),(67,1,'Scarlet Donaghue Champeau',NULL,'932-5-78-161310-8',404,'0000-00-00 00:00:00',NULL,NULL),(68,1,'Adrian Krewson Schulkin',NULL,'483-9-69-606960-2',84,'0000-00-00 00:00:00',NULL,NULL),(69,1,'Dianne Asher Dinola',NULL,'782-7-85-871591-6',590,'0000-00-00 00:00:00',NULL,NULL),(70,1,'Toshia Sandifer Zielinski',NULL,'218-6-67-320002-9',162,'0000-00-00 00:00:00',NULL,NULL),(71,1,'Ardith Maybin Litrenta',NULL,'761-2-95-804702-3',601,'0000-00-00 00:00:00',NULL,NULL),(72,1,'Dortha Makara Wiebold',NULL,'446-8-19-400712-2',476,'0000-00-00 00:00:00',NULL,NULL),(73,1,'Josefa Platts Dodwell',NULL,'717-1-86-838093-0',629,'0000-00-00 00:00:00',NULL,NULL),(74,1,'Olimpia Hairr Villalvazo',NULL,'456-4-58-123873-0',259,'0000-00-00 00:00:00',NULL,NULL),(75,1,'Anneliese Vanlandingham Boylston',NULL,'228-4-58-657641-7',380,'1972-08-24 17:23:59',NULL,NULL),(76,1,'Adriene Wagon Ostermeyer',NULL,'861-0-35-273960-9',195,'1996-04-19 17:23:59',NULL,NULL),(77,1,'Gabriel Deteso Billet',NULL,'439-9-96-984675-3',478,'0000-00-00 00:00:00',NULL,NULL),(78,1,'Leida Majewski Crowe',NULL,'377-4-80-589526-0',604,'0000-00-00 00:00:00',NULL,NULL),(79,1,'Ardella Safi Lehnertz',NULL,'259-1-43-479903-3',509,'0000-00-00 00:00:00',NULL,NULL),(80,1,'Tanika Neigh Desmeules',NULL,'851-4-13-960886-3',381,'2003-08-09 17:23:59',NULL,NULL),(81,1,'Kaci Lenertz Malcom',NULL,'444-0-68-600706-7',245,'0000-00-00 00:00:00',NULL,NULL),(82,1,'Louie Freels Pasche',NULL,'825-9-92-224992-0',534,'1981-05-21 17:23:59',NULL,NULL),(83,1,'Myles Marter Dziedzic',NULL,'953-0-68-928647-2',519,'0000-00-00 00:00:00',NULL,NULL),(84,1,'Berneice Torno Krain',NULL,'676-6-83-220429-3',410,'1997-06-10 17:24:00',NULL,NULL),(85,1,'Annemarie Bermudez Foisy',NULL,'273-4-44-267687-2',291,'0000-00-00 00:00:00',NULL,NULL),(86,1,'Layla Collin Bryum',NULL,'172-1-90-510703-5',376,'0000-00-00 00:00:00',NULL,NULL),(87,1,'Benton Chopp Honus',NULL,'716-0-70-953199-9',613,'0000-00-00 00:00:00',NULL,NULL),(88,1,'Mario Syal Pettiford',NULL,'797-6-67-483917-8',671,'0000-00-00 00:00:00',NULL,NULL),(89,1,'Porsha Buffin Osby',NULL,'482-5-99-882466-7',363,'0000-00-00 00:00:00',NULL,NULL),(90,1,'Dorine Mattias Wilkson',NULL,'301-0-51-444050-3',658,'0000-00-00 00:00:00',NULL,NULL),(91,1,'Elwanda Angelica Guaman',NULL,'264-3-48-573766-5',653,'0000-00-00 00:00:00',NULL,NULL),(92,1,'Marlyn Oldroyd Sten',NULL,'231-2-91-470563-8',224,'0000-00-00 00:00:00',NULL,NULL),(93,1,'Michel Campusano Boches',NULL,'791-9-91-563876-2',166,'0000-00-00 00:00:00',NULL,NULL),(94,1,'Lindsey Sterker Potenza',NULL,'587-0-54-287847-0',175,'1970-08-30 17:24:00',NULL,NULL),(95,1,'Alanna Stramiello Ohaire',NULL,'206-7-73-607932-7',309,'0000-00-00 00:00:00',NULL,NULL),(96,1,'Jeanetta Tuzzio Kalhorn',NULL,'699-3-76-478483-3',105,'0000-00-00 00:00:00',NULL,NULL),(97,1,'Kacy Bielski Fluellen',NULL,'685-9-31-266196-3',680,'1990-09-13 17:24:00',NULL,NULL),(98,1,'Herbert Holzner Crisco',NULL,'765-8-43-732721-4',614,'0000-00-00 00:00:00',NULL,NULL),(99,1,'Sharolyn Knott Yucha',NULL,'466-8-52-956044-8',210,'0000-00-00 00:00:00',NULL,NULL),(100,1,'Venessa Rusche Strumpf',NULL,'106-3-85-112582-4',212,'1999-08-31 17:24:00',NULL,NULL),(101,1,'Elsa Larate Gstohl',NULL,'978-8-77-826181-0',400,'0000-00-00 00:00:00',NULL,NULL),(102,1,'Jamie Cozby Mccallister',NULL,'152-1-94-797600-6',512,'1972-12-21 17:24:00',NULL,NULL),(103,1,'Willie Lairy Jovich',NULL,'222-3-38-322625-6',630,'0000-00-00 00:00:00',NULL,NULL),(104,1,'Migdalia Deserio Kipping',NULL,'487-1-91-118238-5',383,'1972-06-16 17:24:00',NULL,NULL),(105,1,'Mendy Malsch Pryor',NULL,'254-9-83-252298-0',437,'0000-00-00 00:00:00',NULL,NULL),(106,1,'Jillian Labarbara Haag',NULL,'497-8-83-557927-1',491,'2000-02-27 17:24:00',NULL,NULL),(107,1,'Oralia Khaleck Mugford',NULL,'886-1-17-940752-5',261,'0000-00-00 00:00:00',NULL,NULL),(108,1,'Anna Prang Estella',NULL,'557-8-22-311425-6',427,'2003-05-27 17:24:00',NULL,NULL),(109,1,'Dayna Kartes Butorac',NULL,'639-3-86-603152-3',626,'0000-00-00 00:00:00',NULL,NULL),(110,1,'Ema Mcluen Mandell',NULL,'605-1-53-186753-1',436,'1982-07-06 17:24:00',NULL,NULL),(111,1,'Tyesha Balent Lokaphone',NULL,'694-6-93-832552-7',325,'0000-00-00 00:00:00',NULL,NULL),(112,1,'Tova Dama Holdbrook',NULL,'790-9-92-884099-3',241,'1999-04-28 17:24:00',NULL,NULL),(113,1,'Hae Auprey Liebel',NULL,'129-7-68-789122-0',277,'1996-06-22 17:24:01',NULL,NULL),(114,1,'Eldridge Wellington Organ',NULL,'503-5-20-215984-8',410,'0000-00-00 00:00:00',NULL,NULL),(115,1,'Wilmer Jarnagin Vanderschel',NULL,'357-8-58-412749-5',399,'0000-00-00 00:00:00',NULL,NULL),(116,1,'Carey Loeza Deschner',NULL,'569-0-33-862124-9',300,'0000-00-00 00:00:00',NULL,NULL),(117,1,'Dessie Neeley Wade',NULL,'790-0-41-537537-9',586,'2006-07-27 17:24:01',NULL,NULL),(118,1,'Sharan Varnadoe Macmullan',NULL,'897-8-70-606950-6',357,'1976-02-09 17:24:01',NULL,NULL),(119,1,'Thomasena Ewen Salts',NULL,'629-2-89-387380-5',423,'0000-00-00 00:00:00',NULL,NULL),(120,1,'Johnie Klingen Zamarripa',NULL,'691-3-90-844756-2',522,'0000-00-00 00:00:00',NULL,NULL),(121,1,'China Timchula Orff',NULL,'705-7-26-115997-2',550,'0000-00-00 00:00:00',NULL,NULL),(122,1,'Lawrence Mcelhinney Biasotti',NULL,'669-3-62-514712-6',642,'0000-00-00 00:00:00',NULL,NULL),(123,1,'Slyvia Lubbers Stalder',NULL,'684-7-50-863180-8',446,'0000-00-00 00:00:00',NULL,NULL),(124,1,'Wei Haggard Gerety',NULL,'718-2-53-268438-6',451,'0000-00-00 00:00:00',NULL,NULL),(125,1,'Erwin Recore Dittbrenner',NULL,'810-1-29-530622-0',574,'1978-08-19 17:24:01',NULL,NULL),(126,1,'Geraldine Schoelman Morring',NULL,'189-7-49-894872-5',348,'0000-00-00 00:00:00',NULL,NULL),(127,1,'Henrietta Leonaggeo Hedge',NULL,'233-0-37-764908-3',334,'0000-00-00 00:00:00',NULL,NULL),(128,1,'Stefany Tarrance Laurence',NULL,'833-2-46-339989-6',351,'2001-09-29 17:24:01',NULL,NULL),(129,1,'Jerrold Samrah Gelzinis',NULL,'375-8-67-248601-6',107,'2005-12-26 17:24:01',NULL,NULL),(130,1,'Apolonia Tullos Hiscock',NULL,'601-5-23-707705-3',611,'1980-06-02 18:24:01',NULL,NULL),(131,1,'Janay Mattocks Mackel',NULL,'494-8-70-845464-8',550,'0000-00-00 00:00:00',NULL,NULL),(132,1,'Florentina Selvig Heineman',NULL,'595-2-36-642652-9',527,'0000-00-00 00:00:00',NULL,NULL),(133,1,'Angele Hilderbrand Strei',NULL,'630-2-90-980343-7',114,'0000-00-00 00:00:00',NULL,NULL),(134,1,'Harriett Mcninch Husby',NULL,'171-6-19-802918-7',95,'2005-02-10 17:24:01',NULL,NULL),(135,1,'Jessenia Tutaj Olliff',NULL,'512-0-82-461433-0',629,'2004-11-19 17:24:02',NULL,NULL),(136,1,'Vinita Dorado Peacher',NULL,'614-2-24-474669-1',352,'0000-00-00 00:00:00',NULL,NULL),(137,1,'Gonzalo Galindo Shiraishi',NULL,'638-1-70-118715-6',254,'0000-00-00 00:00:00',NULL,NULL),(138,1,'Arletta Bernstock Layson',NULL,'448-0-43-563895-8',567,'0000-00-00 00:00:00',NULL,NULL),(139,1,'Leopoldo Veilleux Chopra',NULL,'993-8-76-596220-4',624,'0000-00-00 00:00:00',NULL,NULL),(140,1,'Alphonse Turber Vaquero',NULL,'776-6-53-276167-6',318,'0000-00-00 00:00:00',NULL,NULL),(141,1,'Darius Trautner Ruttinger',NULL,'145-7-74-847286-3',103,'0000-00-00 00:00:00',NULL,NULL),(142,1,'Matha Daubs Keleman',NULL,'122-8-47-407420-8',425,'0000-00-00 00:00:00',NULL,NULL),(143,1,'Samuel Nicoletti Scher',NULL,'111-0-27-565037-7',467,'0000-00-00 00:00:00',NULL,NULL),(144,1,'Sherri Mervine Kreuzer',NULL,'910-7-44-935662-3',557,'0000-00-00 00:00:00',NULL,NULL),(145,1,'Lincoln Rihner Blatti',NULL,'964-3-94-403488-5',219,'0000-00-00 00:00:00',NULL,NULL),(146,1,'Felica Maccarone Folmer',NULL,'121-1-84-543922-3',505,'1973-03-02 17:24:02',NULL,NULL),(147,1,'Pedro Flemons Michaux',NULL,'644-7-59-593192-1',698,'2006-05-13 17:24:02',NULL,NULL),(148,1,'Fern Silverhorn Kizior',NULL,'311-9-54-221362-5',642,'0000-00-00 00:00:00',NULL,NULL),(149,1,'Tisa Poon Hard',NULL,'538-8-30-431118-1',328,'0000-00-00 00:00:00',NULL,NULL),(150,1,'Josette Putzier Kagy',NULL,'455-8-94-451178-1',602,'2002-08-24 17:24:02',NULL,NULL),(151,1,'Precious Haq Inloes',NULL,'193-5-33-207209-1',84,'1982-01-04 17:24:02',NULL,NULL),(152,1,'Jacinto Oesch Gibeau',NULL,'206-9-76-319953-3',279,'0000-00-00 00:00:00',NULL,NULL),(153,1,'Treasa Bolla Else',NULL,'801-3-75-381347-2',116,'0000-00-00 00:00:00',NULL,NULL),(154,1,'Otha Oliff Gutekunst',NULL,'482-8-28-183737-1',582,'0000-00-00 00:00:00',NULL,NULL),(155,1,'Cristi Uljevic Deltora',NULL,'736-9-51-363761-8',700,'0000-00-00 00:00:00',NULL,NULL),(156,1,'Brigida Schmeider Lueker',NULL,'974-2-64-796642-1',88,'1998-11-29 17:24:02',NULL,NULL),(157,1,'Sharon Romiro Naomi',NULL,'984-1-15-364437-2',163,'0000-00-00 00:00:00',NULL,NULL),(158,1,'Natashia Pepe Azzopardi',NULL,'527-0-20-517703-2',371,'0000-00-00 00:00:00',NULL,NULL),(159,1,'Leda Worcester Popple',NULL,'131-5-17-855647-6',354,'1970-04-17 17:24:02',NULL,NULL),(160,1,'Tonja Cloward Oline',NULL,'741-8-97-213985-5',662,'1999-03-07 17:24:03',NULL,NULL),(161,1,'Ha Lardone Grunst',NULL,'609-0-30-469728-6',636,'1987-07-02 17:24:03',NULL,NULL),(162,1,'Antonietta Fouyer Fouche',NULL,'217-3-68-148875-0',438,'0000-00-00 00:00:00',NULL,NULL),(163,1,'Anette Ambrosini Dillashaw',NULL,'834-4-31-351655-1',318,'2002-01-19 17:24:03',NULL,NULL),(164,1,'Delorse Belasco Prach',NULL,'552-3-29-619901-2',558,'1977-02-21 17:24:03',NULL,NULL),(165,1,'Bobbie Turtura Bluhm',NULL,'925-3-72-661163-9',358,'1972-06-30 17:24:03',NULL,NULL),(166,1,'Arnita Mckinzie Pannell',NULL,'103-6-24-652036-1',201,'0000-00-00 00:00:00',NULL,NULL),(167,1,'Shon Kuzmish Lavene',NULL,'783-9-64-748011-1',378,'0000-00-00 00:00:00',NULL,NULL),(168,1,'Sanora Geckles Karrels',NULL,'150-6-55-825787-2',471,'2000-10-20 17:24:03',NULL,NULL),(169,1,'Pat Agor Levanger',NULL,'607-5-62-881929-6',544,'0000-00-00 00:00:00',NULL,NULL),(170,1,'Mireille Dubill Purvis',NULL,'866-8-88-134854-0',322,'0000-00-00 00:00:00',NULL,NULL),(171,1,'Ethel Castenanos Hershberger',NULL,'342-7-71-166398-1',225,'1980-03-24 17:24:03',NULL,NULL),(172,1,'Marcelino Mccarns Shinabery',NULL,'578-3-31-651126-3',105,'0000-00-00 00:00:00',NULL,NULL),(173,1,'Rubi Biggio Merten',NULL,'669-6-54-648071-6',322,'0000-00-00 00:00:00',NULL,NULL),(174,1,'Delmy Marciel Veeneman',NULL,'196-3-77-658770-3',310,'0000-00-00 00:00:00',NULL,NULL),(175,1,'Tennie Ruleman Ohora',NULL,'331-1-35-513305-1',161,'0000-00-00 00:00:00',NULL,NULL),(176,1,'Cedric Zidek Rizal',NULL,'324-4-68-782396-4',127,'0000-00-00 00:00:00',NULL,NULL),(177,1,'Nellie Patnode Nasir',NULL,'452-8-25-214842-4',368,'1984-05-02 17:24:03',NULL,NULL),(178,1,'Trudie Quezaire Timas',NULL,'208-1-56-549668-5',680,'1995-12-22 17:24:03',NULL,NULL),(179,1,'Valerie Fergoson Lasker',NULL,'118-0-51-716567-4',548,'0000-00-00 00:00:00',NULL,NULL),(180,1,'Marquita Lubelski Mielcarek',NULL,'148-2-63-388778-1',693,'1988-04-05 17:24:03',NULL,NULL),(181,1,'Marisha Peals Couper',NULL,'252-3-10-158868-8',154,'2001-07-02 17:24:03',NULL,NULL),(182,1,'Lexie Shutts Hellner',NULL,'547-9-31-702757-4',629,'0000-00-00 00:00:00',NULL,NULL),(183,1,'Tony Walby Chkouri',NULL,'759-4-97-974115-2',103,'0000-00-00 00:00:00',NULL,NULL),(184,1,'Ahmed Chenette Fedie',NULL,'133-5-93-296583-6',574,'1980-04-02 17:24:04',NULL,NULL),(185,1,'Pablo Adu Hongeva',NULL,'244-6-21-718817-0',199,'0000-00-00 00:00:00',NULL,NULL),(186,1,'Minta Woodburg Moose',NULL,'600-5-47-225976-0',353,'0000-00-00 00:00:00',NULL,NULL),(187,1,'Pat Angilello Whitelaw',NULL,'239-0-18-380186-7',366,'1978-02-19 17:24:04',NULL,NULL),(188,1,'Kevin Vandorn Lau',NULL,'887-5-12-705116-7',284,'0000-00-00 00:00:00',NULL,NULL),(189,1,'Ladawn Bujnowski Fonnesbeck',NULL,'207-8-37-640122-5',577,'1991-09-01 17:24:04',NULL,NULL),(190,1,'Cleo Lisowski Lapinski',NULL,'665-8-55-536296-6',296,'1983-08-03 17:24:04',NULL,NULL),(191,1,'Hisako Casolary Greever',NULL,'454-3-89-906899-9',390,'0000-00-00 00:00:00',NULL,NULL),(192,1,'Jonah Kopczynski Gocha',NULL,'774-8-37-511315-8',504,'0000-00-00 00:00:00',NULL,NULL),(193,1,'Elvin Moulhem Stanaway',NULL,'389-5-93-417922-2',553,'1989-02-24 17:24:04',NULL,NULL),(194,1,'Roselyn Lautenbach Check',NULL,'709-2-65-283759-1',146,'1985-01-10 17:24:04',NULL,NULL),(195,1,'Oswaldo Justman Vannest',NULL,'950-9-16-244090-6',332,'1971-03-05 17:24:04',NULL,NULL),(196,1,'Leon Romos Pitcak',NULL,'269-9-74-615211-4',542,'1977-09-03 17:24:04',NULL,NULL),(197,1,'Hilaria Gillooly Offer',NULL,'902-0-33-885520-1',161,'0000-00-00 00:00:00',NULL,NULL),(198,1,'Berniece Veys Rampley',NULL,'705-7-35-391575-6',675,'0000-00-00 00:00:00',NULL,NULL),(199,1,'Wendolyn Buelow Pellegrin',NULL,'741-3-68-399840-3',104,'0000-00-00 00:00:00',NULL,NULL),(200,1,'Allan Luby Dembinski',NULL,'440-8-23-936365-8',495,'0000-00-00 00:00:00',NULL,NULL),(201,1,'Saul Tubb Brickett',NULL,'155-1-43-111116-4',679,'0000-00-00 00:00:00',NULL,NULL),(202,1,'Rafael Labreque Milliman',NULL,'159-0-34-946828-2',509,'1995-07-09 17:24:04',NULL,NULL),(203,1,'Delana Bergamo Dobias',NULL,'363-2-25-848170-0',463,'0000-00-00 00:00:00',NULL,NULL),(204,1,'Maureen Yoquelet Redifer',NULL,'839-7-79-998258-1',216,'0000-00-00 00:00:00',NULL,NULL),(205,1,'Michell Zaharis Maud',NULL,'417-1-84-760619-2',552,'0000-00-00 00:00:00',NULL,NULL),(206,1,'Kristi Syphard Bulland',NULL,'457-6-96-835557-5',577,'0000-00-00 00:00:00',NULL,NULL),(207,1,'Amal Leib Sytsma',NULL,'261-3-29-302739-8',322,'1973-10-18 17:24:04',NULL,NULL),(208,1,'Deane Kalsow Lentine',NULL,'216-8-38-336248-6',103,'0000-00-00 00:00:00',NULL,NULL),(209,1,'Lorina Caron Belsito',NULL,'735-7-52-466775-4',593,'1991-07-20 17:24:04',NULL,NULL),(210,1,'Vernon Kaluna Vicario',NULL,'248-9-25-806305-4',163,'1989-02-05 17:24:04',NULL,NULL),(211,1,'Erika Milliren Okin',NULL,'871-7-52-968925-8',195,'0000-00-00 00:00:00',NULL,NULL),(212,1,'Dana Uren Woodmansee',NULL,'249-2-32-731009-4',175,'0000-00-00 00:00:00',NULL,NULL),(213,1,'Amber Brain Larkey',NULL,'574-4-63-765587-3',574,'2004-01-02 17:24:05',NULL,NULL),(214,1,'Tasha Machia Grizzard',NULL,'624-0-30-127733-8',177,'0000-00-00 00:00:00',NULL,NULL),(215,1,'Waneta Bollier Desmith',NULL,'876-8-39-356783-1',156,'1980-07-17 18:24:05',NULL,NULL),(216,1,'Santos Ewing Mourino',NULL,'238-0-53-893826-0',452,'0000-00-00 00:00:00',NULL,NULL),(217,1,'Marquerite Rounsville Zumbo',NULL,'921-5-13-740628-4',134,'1998-10-30 17:24:05',NULL,NULL),(218,1,'Bernardine Vaupel Stoop',NULL,'589-2-45-960100-2',697,'1987-06-30 17:24:05',NULL,NULL),(219,1,'Will Roorda Wheller',NULL,'375-8-62-358862-8',486,'0000-00-00 00:00:00',NULL,NULL),(220,1,'Myrna Poulin Scharr',NULL,'462-6-59-225811-1',340,'0000-00-00 00:00:00',NULL,NULL),(221,1,'Wally Pong Desilets',NULL,'333-1-15-102435-2',539,'0000-00-00 00:00:00',NULL,NULL),(222,1,'Amada Sheats Alexandre',NULL,'112-6-14-978918-9',428,'0000-00-00 00:00:00',NULL,NULL),(223,1,'Benton Alleva Wygle',NULL,'963-5-73-360730-4',132,'0000-00-00 00:00:00',NULL,NULL),(224,1,'Cherelle Gallarello Sakurai',NULL,'942-6-12-191285-7',174,'1991-02-26 17:24:05',NULL,NULL),(225,1,'Cleopatra Bethers Sarsour',NULL,'824-8-25-264475-6',420,'0000-00-00 00:00:00',NULL,NULL),(226,1,'Celeste Kujak Eckberg',NULL,'893-9-89-267547-0',92,'0000-00-00 00:00:00',NULL,NULL),(227,1,'Lilly Price Beutnagel',NULL,'235-7-21-220823-4',178,'1994-03-26 17:24:05',NULL,NULL),(228,1,'Erlene Yard Carrao',NULL,'640-7-78-196512-9',322,'1999-03-06 17:24:05',NULL,NULL),(229,1,'Janee Zill Guys',NULL,'836-3-40-330291-8',81,'1975-03-05 17:24:05',NULL,NULL),(230,1,'Misti Portwine Frasier',NULL,'889-7-78-156550-5',226,'1999-12-30 17:24:05',NULL,NULL),(231,1,'Laverne Blanga Listen',NULL,'216-8-72-614796-2',529,'2001-01-04 17:24:05',NULL,NULL),(232,1,'Doreen Bendit Lanoue',NULL,'626-1-51-461385-8',134,'1976-08-04 17:24:05',NULL,NULL),(233,1,'Loyce Stlawrence Frevert',NULL,'222-3-11-895332-7',641,'0000-00-00 00:00:00',NULL,NULL),(234,1,'Elisha Schomacker Sorells',NULL,'883-6-35-374922-6',413,'1987-04-24 17:24:05',NULL,NULL),(235,1,'Shara Touch Boeh',NULL,'411-2-57-157684-3',183,'1976-06-26 17:24:05',NULL,NULL),(236,1,'Kasey Aas Winfield',NULL,'578-7-36-711855-1',633,'1983-07-03 17:24:05',NULL,NULL),(237,1,'Shella Yung Bolger',NULL,'703-1-47-443530-1',696,'0000-00-00 00:00:00',NULL,NULL),(238,1,'Margrett Lokhmator Miyasaka',NULL,'727-7-58-903972-7',253,'0000-00-00 00:00:00',NULL,NULL),(239,1,'Thad Wightman Conyer',NULL,'690-6-99-747851-7',566,'0000-00-00 00:00:00',NULL,NULL),(240,1,'Iola Escuriex Klepfer',NULL,'780-0-84-501976-1',613,'1982-05-06 17:24:06',NULL,NULL),(241,1,'Calandra Dickison Lovett',NULL,'470-9-54-119852-5',171,'0000-00-00 00:00:00',NULL,NULL),(242,1,'Silvia Grosskopf Racedo',NULL,'221-0-40-345422-3',303,'0000-00-00 00:00:00',NULL,NULL),(243,1,'Krystyna Jebbett Labonte',NULL,'935-8-69-620663-9',625,'0000-00-00 00:00:00',NULL,NULL),(244,1,'Dominique Abugn Troyan',NULL,'212-2-47-414069-3',124,'2004-07-14 17:24:06',NULL,NULL),(245,1,'Lashell Ketler Seard',NULL,'677-7-78-281540-7',201,'0000-00-00 00:00:00',NULL,NULL),(246,1,'Edna Angeloro Awong',NULL,'842-0-82-937495-9',404,'0000-00-00 00:00:00',NULL,NULL),(247,1,'Janiece Swafford Shewmaker',NULL,'983-0-99-113951-0',598,'0000-00-00 00:00:00',NULL,NULL),(248,1,'Graham Eliopoulos Falke',NULL,'378-4-52-210467-7',393,'0000-00-00 00:00:00',NULL,NULL),(249,1,'Virgen Boehler Layson',NULL,'756-0-90-111334-8',438,'0000-00-00 00:00:00',NULL,NULL),(250,1,'Kathryn Namdar Bueno',NULL,'234-3-95-238481-2',377,'0000-00-00 00:00:00',NULL,NULL),(251,1,'Juana Mlynek Baucom',NULL,'339-1-53-676926-7',127,'0000-00-00 00:00:00',NULL,NULL),(252,1,'Christia Murdaugh Delbene',NULL,'239-6-99-182941-9',544,'0000-00-00 00:00:00',NULL,NULL),(253,1,'Lorrie Pollina Tarris',NULL,'691-5-39-299378-2',527,'0000-00-00 00:00:00',NULL,NULL),(254,1,'Brian Soenksen Mcgill',NULL,'814-1-26-850246-5',383,'0000-00-00 00:00:00',NULL,NULL),(255,1,'Mariela Lubman Magel',NULL,'588-3-64-576294-4',631,'2002-11-01 17:24:06',NULL,NULL),(256,1,'Rickie Zechiel Bobet',NULL,'484-4-49-541277-6',126,'1995-11-07 17:24:06',NULL,NULL),(257,1,'Beverley Maham Dequinzio',NULL,'143-1-67-993285-2',654,'0000-00-00 00:00:00',NULL,NULL),(258,1,'Melva Irion Guadalajara',NULL,'389-5-18-588786-4',300,'0000-00-00 00:00:00',NULL,NULL),(259,1,'Temeka Bertsche Linkowski',NULL,'197-5-46-212604-8',642,'0000-00-00 00:00:00',NULL,NULL),(260,1,'Tiffiny Overlee Despres',NULL,'112-9-43-342109-8',268,'0000-00-00 00:00:00',NULL,NULL),(261,1,'Mohammed Tuia Zeminski',NULL,'446-5-15-842560-4',566,'0000-00-00 00:00:00',NULL,NULL),(262,1,'Constance Gennaria Miquel',NULL,'392-4-72-324759-9',265,'0000-00-00 00:00:00',NULL,NULL),(263,1,'Celine Sikora Mullenix',NULL,'166-2-65-107490-3',297,'2000-01-17 17:24:06',NULL,NULL),(264,1,'Haywood Irion Schoeb',NULL,'528-9-35-606548-7',80,'0000-00-00 00:00:00',NULL,NULL),(265,1,'Khadijah Friske Hoerauf',NULL,'471-1-80-886136-1',384,'0000-00-00 00:00:00',NULL,NULL),(266,1,'Trula Stallone Fallago',NULL,'726-6-60-930614-6',360,'0000-00-00 00:00:00',NULL,NULL),(267,1,'Brigid Mischo Niner',NULL,'899-1-26-169302-3',583,'1987-02-02 17:24:07',NULL,NULL),(268,1,'Emanuel Stonebrook Bommarito',NULL,'171-2-84-231499-4',656,'0000-00-00 00:00:00',NULL,NULL),(269,1,'Annalee Peruzzi Gocek',NULL,'804-9-22-966189-1',80,'0000-00-00 00:00:00',NULL,NULL),(270,1,'Becki Whittall Doyne',NULL,'728-7-33-979253-8',293,'0000-00-00 00:00:00',NULL,NULL),(271,1,'Salley Mortenson Bazzi',NULL,'435-7-70-159972-5',520,'0000-00-00 00:00:00',NULL,NULL),(272,1,'Ciara Lupien Moura',NULL,'999-7-58-407436-5',178,'1982-11-29 17:24:07',NULL,NULL),(273,1,'Myrta Brunback Steinmetz',NULL,'252-2-31-383587-8',343,'1996-01-31 17:24:07',NULL,NULL),(274,1,'Liane Eader Trupia',NULL,'418-3-19-575988-7',492,'0000-00-00 00:00:00',NULL,NULL),(275,1,'Nestor Frech Viejo',NULL,'405-1-30-502772-0',192,'0000-00-00 00:00:00',NULL,NULL),(276,1,'Mauro Banzhaf Pesola',NULL,'769-7-81-252850-9',275,'0000-00-00 00:00:00',NULL,NULL),(277,1,'Philip Merkey Metelko',NULL,'120-7-20-434776-3',470,'0000-00-00 00:00:00',NULL,NULL),(278,1,'Min Chilson Anno',NULL,'532-1-79-390268-9',353,'0000-00-00 00:00:00',NULL,NULL),(279,1,'Dannie Edenfield Chrisler',NULL,'132-9-82-225326-9',195,'1984-03-31 17:24:07',NULL,NULL),(280,1,'Nettie Earing Golian',NULL,'409-0-57-845034-5',386,'0000-00-00 00:00:00',NULL,NULL),(281,1,'Josette Cosimini Macalma',NULL,'755-0-59-360382-4',82,'0000-00-00 00:00:00',NULL,NULL),(282,1,'Anibal Nanas Girdler',NULL,'297-4-34-452045-5',422,'0000-00-00 00:00:00',NULL,NULL),(283,1,'Mildred Bilich Awe',NULL,'403-4-80-891810-8',528,'0000-00-00 00:00:00',NULL,NULL),(284,1,'Shayne Ruckdaschel Lindmeyer',NULL,'993-4-57-258191-1',535,'1975-03-01 17:24:07',NULL,NULL),(285,1,'Eugenio Smoker Vanecek',NULL,'464-6-85-402075-0',631,'1993-09-17 17:24:07',NULL,NULL),(286,1,'Homer Viapiano Tretera',NULL,'125-6-28-869869-6',185,'0000-00-00 00:00:00',NULL,NULL),(287,1,'Dayna Muysenberg Scoble',NULL,'315-7-79-243769-5',571,'0000-00-00 00:00:00',NULL,NULL),(288,1,'Nancy Faiola Pahulu',NULL,'755-7-81-719196-8',360,'0000-00-00 00:00:00',NULL,NULL),(289,1,'Crystle Eisele Jarad',NULL,'255-2-44-938399-3',496,'0000-00-00 00:00:00',NULL,NULL),(290,1,'Maggie Bernabei Vesperman',NULL,'524-8-17-911853-1',499,'1972-06-22 17:24:07',NULL,NULL),(291,1,'Shantell Gallik Mccay',NULL,'185-0-40-843568-6',321,'0000-00-00 00:00:00',NULL,NULL),(292,1,'Angelia Schwegel Zeegers',NULL,'756-5-25-790663-1',270,'0000-00-00 00:00:00',NULL,NULL),(293,1,'Santo Haruta Shepperson',NULL,'372-7-58-103903-8',548,'0000-00-00 00:00:00',NULL,NULL),(294,1,'Jesica Raguay Kumfer',NULL,'514-5-96-362213-6',167,'0000-00-00 00:00:00',NULL,NULL),(295,1,'Hillary Jacobos Barthelman',NULL,'742-5-35-595890-3',200,'0000-00-00 00:00:00',NULL,NULL),(296,1,'Drucilla Sele Travillion',NULL,'381-7-83-699631-5',281,'1972-06-20 17:24:08',NULL,NULL),(297,1,'Beatris Ebenstein Edmund',NULL,'530-5-79-724369-0',158,'0000-00-00 00:00:00',NULL,NULL),(298,1,'Alaine Warick Lichorat',NULL,'843-2-80-151117-7',400,'0000-00-00 00:00:00',NULL,NULL),(299,1,'Svetlana Hommerding Neis',NULL,'173-6-58-481842-5',448,'0000-00-00 00:00:00',NULL,NULL),(300,1,'Kum Depasquale Vernet',NULL,'905-8-31-309470-1',666,'0000-00-00 00:00:00',NULL,NULL);
/*!40000 ALTER TABLE `medien` ENABLE KEYS */;
UNLOCK TABLES;
DROP TABLE IF EXISTS `medien_autoren`;
/*!40101 SET @saved_cs_client     = @@character_set_client */;
/*!40101 SET character_set_client = utf8 */;
CREATE TABLE `medien_autoren` (
  `id_medien_autoren` bigint(20) unsigned NOT NULL AUTO_INCREMENT,
  `fk_medien` bigint(20) unsigned NOT NULL,
  `fk_autoren` bigint(20) unsigned NOT NULL,
  PRIMARY KEY (`id_medien_autoren`),
  KEY `fk_medien_autoren_1_idx` (`fk_medien`),
  KEY `fk_medien_autoren_2_idx` (`fk_autoren`),
  CONSTRAINT `fk_medien_autoren_1` FOREIGN KEY (`fk_medien`) REFERENCES `medien` (`id_medien`) ON DELETE NO ACTION ON UPDATE NO ACTION,
  CONSTRAINT `fk_medien_autoren_2` FOREIGN KEY (`fk_autoren`) REFERENCES `autoren` (`id_autoren`) ON DELETE NO ACTION ON UPDATE NO ACTION
) ENGINE=InnoDB AUTO_INCREMENT=334 DEFAULT CHARSET=latin1;
/*!40101 SET character_set_client = @saved_cs_client */;

LOCK TABLES `medien_autoren` WRITE;
/*!40000 ALTER TABLE `medien_autoren` DISABLE KEYS */;
INSERT INTO `medien_autoren` VALUES (1,1,64),(2,2,89),(3,3,64),(4,4,170),(5,5,31),(6,6,56),(7,7,78),(8,8,31),(9,9,25),(10,10,123),(11,11,101),(12,12,37),(13,13,71),(14,14,69),(15,15,77),(16,16,125),(17,17,1),(18,18,116),(19,19,139),(20,20,147),(21,21,92),(22,22,49),(23,23,23),(24,24,175),(25,25,133),(26,25,57),(27,26,12),(28,27,73),(29,28,92),(30,29,196),(31,30,106),(32,31,36),(33,32,149),(34,32,12),(35,33,144),(36,33,18),(37,34,161),(38,35,56),(39,36,23),(40,37,113),(41,38,158),(42,39,15),(43,40,43),(44,41,103),(45,42,91),(46,43,12),(47,44,3),(48,45,178),(49,46,15),(50,47,52),(51,48,77),(52,49,14),(53,50,107),(54,51,116),(55,52,186),(56,52,57),(57,53,148),(58,54,39),(59,55,111),(60,56,69),(61,57,124),(62,58,145),(63,59,156),(64,60,121),(65,61,2),(66,62,124),(67,63,145),(68,64,191),(69,64,181),(70,65,173),(71,66,83),(72,67,71),(73,68,6),(74,69,107),(75,70,100),(76,71,109),(77,71,103),(78,72,30),(79,73,66),(80,74,12),(81,75,82),(82,76,55),(83,76,179),(84,77,126),(85,78,181),(86,79,126),(87,80,70),(88,81,143),(89,81,158),(90,82,36),(91,83,188),(92,83,148),(93,84,161),(94,85,188),(95,86,90),(96,87,171),(97,88,96),(98,89,8),(99,90,71),(100,91,29),(101,92,35),(102,93,45),(103,94,66),(104,94,146),(105,95,173),(106,96,97),(107,97,19),(108,98,172),(109,99,25),(110,100,94),(111,101,44),(112,102,72),(113,103,95),(114,104,169),(115,105,143),(116,106,109),(117,107,41),(118,108,102),(119,109,174),(120,109,73),(121,110,109),(122,111,66),(123,112,60),(124,113,45),(125,114,170),(126,115,114),(127,115,140),(128,116,101),(129,117,64),(130,117,18),(131,118,198),(132,119,51),(133,120,188),(134,121,198),(135,122,86),(136,123,77),(137,124,98),(138,124,72),(139,125,183),(140,126,127),(141,127,136),(142,128,71),(143,129,4),(144,129,148),(145,130,34),(146,131,28),(147,132,24),(148,133,102),(149,133,126),(150,134,75),(151,135,26),(152,136,131),(153,137,138),(154,138,146),(155,139,73),(156,140,106),(157,141,197),(158,142,81),(159,142,182),(160,143,56),(161,144,155),(162,145,43),(163,146,98),(164,147,109),(165,148,21),(166,149,100),(167,150,116),(168,151,178),(169,152,144),(170,153,79),(171,154,127),(172,154,56),(173,155,118),(174,156,117),(175,156,141),(176,157,140),(177,158,47),(178,159,197),(179,160,27),(180,161,178),(181,162,59),(182,163,122),(183,164,11),(184,165,16),(185,166,186),(186,167,152),(187,168,134),(188,169,177),(189,170,60),(190,171,104),(191,172,68),(192,173,92),(193,174,178),(194,175,190),(195,176,15),(196,177,61),(197,178,182),(198,178,43),(199,179,60),(200,180,179),(201,181,41),(202,182,165),(203,182,36),(204,183,110),(205,184,135),(206,185,152),(207,186,110),(208,187,46),(209,187,45),(210,188,175),(211,189,44),(212,190,194),(213,191,171),(214,192,85),(215,193,138),(216,194,71),(217,195,158),(218,196,73),(219,197,98),(220,198,122),(221,199,72),(222,200,57),(223,201,102),(224,202,29),(225,203,84),(226,204,44),(227,205,119),(228,206,200),(229,207,95),(230,208,11),(231,209,145),(232,209,74),(233,210,66),(234,211,22),(235,212,135),(236,213,52),(237,214,159),(238,215,88),(239,216,24),(240,217,166),(241,217,123),(242,218,30),(243,219,102),(244,220,118),(245,221,171),(246,221,154),(247,222,105),(248,223,97),(249,224,75),(250,224,70),(251,225,99),(252,226,132),(253,227,90),(254,228,181),(255,229,186),(256,230,134),(257,230,138),(258,231,61),(259,232,14),(260,233,41),(261,233,104),(262,234,51),(263,235,181),(264,235,122),(265,236,22),(266,237,172),(267,238,178),(268,239,177),(269,240,82),(270,241,103),(271,242,8),(272,243,42),(273,243,200),(274,244,143),(275,245,61),(276,246,28),(277,247,92),(278,248,118),(279,249,184),(280,250,194),(281,251,151),(282,252,48),(283,253,196),(284,254,70),(285,255,89),(286,256,78),(287,257,34),(288,257,194),(289,258,94),(290,259,161),(291,260,189),(292,261,141),(293,262,195),(294,263,61),(295,264,14),(296,265,113),(297,266,7),(298,267,9),(299,268,88),(300,269,47),(301,270,43),(302,271,147),(303,272,2),(304,273,58),(305,274,120),(306,275,89),(307,276,113),(308,277,35),(309,278,9),(310,279,43),(311,279,133),(312,280,26),(313,281,24),(314,282,122),(315,283,97),(316,284,126),(317,285,27),(318,286,44),(319,287,72),(320,288,3),(321,289,78),(322,290,113),(323,291,39),(324,291,134),(325,292,126),(326,293,18),(327,294,7),(328,295,27),(329,296,160),(330,297,94),(331,298,165),(332,299,63),(333,300,98);
/*!40000 ALTER TABLE `medien_autoren` ENABLE KEYS */;
UNLOCK TABLES;
DROP TABLE IF EXISTS `medien_genres`;
/*!40101 SET @saved_cs_client     = @@character_set_client */;
/*!40101 SET character_set_client = utf8 */;
CREATE TABLE `medien_genres` (
  `id_medien_genres` bigint(20) unsigned NOT NULL AUTO_INCREMENT,
  `fk_medien` bigint(20) unsigned NOT NULL,
  `fk_genres` bigint(20) unsigned NOT NULL,
  PRIMARY KEY (`id_medien_genres`),
  KEY `fk_medien_genres_1_idx` (`fk_medien`),
  KEY `fk_medien_genres_2_idx` (`fk_genres`),
  CONSTRAINT `fk_medien_genres_1` FOREIGN KEY (`fk_medien`) REFERENCES `medien` (`id_medien`) ON DELETE NO ACTION ON UPDATE NO ACTION,
  CONSTRAINT `fk_medien_genres_2` FOREIGN KEY (`fk_genres`) REFERENCES `genres` (`id_genres`) ON DELETE NO ACTION ON UPDATE NO ACTION
) ENGINE=InnoDB AUTO_INCREMENT=301 DEFAULT CHARSET=latin1;
/*!40101 SET character_set_client = @saved_cs_client */;

LOCK TABLES `medien_genres` WRITE;
/*!40000 ALTER TABLE `medien_genres` DISABLE KEYS */;
INSERT INTO `medien_genres` VALUES (1,1,4),(2,2,6),(3,3,29),(4,4,26),(5,5,2),(6,6,11),(7,7,4),(8,8,26),(9,9,26),(10,10,25),(11,11,5),(12,12,4),(13,13,9),(14,14,1),(15,15,3),(16,16,15),(17,17,11),(18,18,29),(19,19,6),(20,20,23),(21,21,4),(22,22,22),(23,23,27),(24,24,22),(25,25,15),(26,26,24),(27,27,21),(28,28,13),(29,29,6),(30,30,5),(31,31,16),(32,32,9),(33,33,11),(34,34,16),(35,35,6),(36,36,13),(37,37,26),(38,38,10),(39,39,9),(40,40,23),(41,41,6),(42,42,14),(43,43,26),(44,44,15),(45,45,14),(46,46,29),(47,47,29),(48,48,25),(49,49,28),(50,50,6),(51,51,19),(52,52,3),(53,53,28),(54,54,17),(55,55,24),(56,56,13),(57,57,11),(58,58,16),(59,59,26),(60,60,17),(61,61,20),(62,62,12),(63,63,26),(64,64,2),(65,65,28),(66,66,2),(67,67,14),(68,68,25),(69,69,12),(70,70,22),(71,71,18),(72,72,17),(73,73,6),(74,74,14),(75,75,2),(76,76,20),(77,77,13),(78,78,2),(79,79,15),(80,80,12),(81,81,8),(82,82,5),(83,83,15),(84,84,6),(85,85,21),(86,86,10),(87,87,19),(88,88,3),(89,89,25),(90,90,15),(91,91,19),(92,92,16),(93,93,27),(94,94,15),(95,95,17),(96,96,25),(97,97,17),(98,98,2),(99,99,20),(100,100,28),(101,101,23),(102,102,8),(103,103,16),(104,104,28),(105,105,22),(106,106,18),(107,107,19),(108,108,6),(109,109,20),(110,110,5),(111,111,18),(112,112,27),(113,113,9),(114,114,3),(115,115,4),(116,116,1),(117,117,12),(118,118,23),(119,119,3),(120,120,8),(121,121,9),(122,122,21),(123,123,24),(124,124,7),(125,125,7),(126,126,11),(127,127,2),(128,128,23),(129,129,13),(130,130,22),(131,131,22),(132,132,6),(133,133,1),(134,134,8),(135,135,5),(136,136,23),(137,137,26),(138,138,23),(139,139,28),(140,140,16),(141,141,27),(142,142,16),(143,143,14),(144,144,7),(145,145,19),(146,146,17),(147,147,7),(148,148,1),(149,149,11),(150,150,10),(151,151,9),(152,152,19),(153,153,1),(154,154,3),(155,155,25),(156,156,8),(157,157,14),(158,158,27),(159,159,1),(160,160,26),(161,161,20),(162,162,22),(163,163,3),(164,164,20),(165,165,1),(166,166,7),(167,167,13),(168,168,26),(169,169,1),(170,170,12),(171,171,13),(172,172,28),(173,173,27),(174,174,26),(175,175,5),(176,176,16),(177,177,14),(178,178,12),(179,179,17),(180,180,24),(181,181,21),(182,182,26),(183,183,14),(184,184,22),(185,185,28),(186,186,10),(187,187,29),(188,188,13),(189,189,8),(190,190,29),(191,191,9),(192,192,27),(193,193,22),(194,194,11),(195,195,17),(196,196,23),(197,197,18),(198,198,1),(199,199,20),(200,200,18),(201,201,12),(202,202,3),(203,203,16),(204,204,10),(205,205,28),(206,206,21),(207,207,26),(208,208,13),(209,209,4),(210,210,14),(211,211,7),(212,212,24),(213,213,10),(214,214,21),(215,215,16),(216,216,9),(217,217,1),(218,218,15),(219,219,21),(220,220,8),(221,221,15),(222,222,29),(223,223,5),(224,224,8),(225,225,11),(226,226,22),(227,227,2),(228,228,28),(229,229,23),(230,230,21),(231,231,17),(232,232,6),(233,233,24),(234,234,4),(235,235,15),(236,236,23),(237,237,25),(238,238,12),(239,239,6),(240,240,28),(241,241,25),(242,242,12),(243,243,22),(244,244,5),(245,245,3),(246,246,9),(247,247,13),(248,248,4),(249,249,24),(250,250,5),(251,251,12),(252,252,10),(253,253,4),(254,254,16),(255,255,17),(256,256,15),(257,257,9),(258,258,19),(259,259,14),(260,260,2),(261,261,10),(262,262,1),(263,263,7),(264,264,5),(265,265,5),(266,266,22),(267,267,27),(268,268,29),(269,269,4),(270,270,3),(271,271,27),(272,272,28),(273,273,15),(274,274,20),(275,275,4),(276,276,18),(277,277,28),(278,278,17),(279,279,21),(280,280,23),(281,281,21),(282,282,3),(283,283,3),(284,284,25),(285,285,19),(286,286,20),(287,287,11),(288,288,28),(289,289,9),(290,290,24),(291,291,1),(292,292,19),(293,293,25),(294,294,7),(295,295,23),(296,296,29),(297,297,29),(298,298,20),(299,299,29),(300,300,4);
/*!40000 ALTER TABLE `medien_genres` ENABLE KEYS */;
UNLOCK TABLES;
DROP TABLE IF EXISTS `medium_typen`;
/*!40101 SET @saved_cs_client     = @@character_set_client */;
/*!40101 SET character_set_client = utf8 */;
CREATE TABLE `medium_typen` (
  `id_medium_typen` bigint(20) unsigned NOT NULL AUTO_INCREMENT,
  `typ_name` varchar(45) NOT NULL,
  PRIMARY KEY (`id_medium_typen`)
) ENGINE=InnoDB AUTO_INCREMENT=5 DEFAULT CHARSET=latin1;
/*!40101 SET character_set_client = @saved_cs_client */;

LOCK TABLES `medium_typen` WRITE;
/*!40000 ALTER TABLE `medium_typen` DISABLE KEYS */;
INSERT INTO `medium_typen` VALUES (1,'Buch'),(2,'Musik CD'),(3,'Video'),(4,'Computer Spiel');
/*!40000 ALTER TABLE `medium_typen` ENABLE KEYS */;
UNLOCK TABLES;
DROP TABLE IF EXISTS `mitarbeiter`;
/*!40101 SET @saved_cs_client     = @@character_set_client */;
/*!40101 SET character_set_client = utf8 */;
CREATE TABLE `mitarbeiter` (
  `id_mitarbeiter` bigint(20) unsigned NOT NULL AUTO_INCREMENT,
  `vorname` varchar(255) NOT NULL,
  `name` varchar(255) NOT NULL,
  `fk_addressen` bigint(20) unsigned NOT NULL,
  `fk_mitarbeiter_typ` bigint(20) unsigned NOT NULL,
  PRIMARY KEY (`id_mitarbeiter`),
  KEY `fk_mitarbeiter_addressen_idx` (`fk_addressen`),
  KEY `fk_mitarbeiter_typ_idx` (`fk_mitarbeiter_typ`),
  CONSTRAINT `fk_mitarbeiter_typ` FOREIGN KEY (`fk_mitarbeiter_typ`) REFERENCES `mitarbeiter_typ` (`id_mitarbeiter_typ`) ON DELETE NO ACTION ON UPDATE NO ACTION,
  CONSTRAINT `fk_mitarbeiter_addressen` FOREIGN KEY (`fk_addressen`) REFERENCES `addressen` (`id_adressen`) ON DELETE NO ACTION ON UPDATE NO ACTION
) ENGINE=InnoDB AUTO_INCREMENT=41 DEFAULT CHARSET=latin1;
/*!40101 SET character_set_client = @saved_cs_client */;

LOCK TABLES `mitarbeiter` WRITE;
/*!40000 ALTER TABLE `mitarbeiter` DISABLE KEYS */;
INSERT INTO `mitarbeiter` VALUES (1,'Althea','Laich',60,1),(2,'Fonda','Wetherald',141,2),(3,'Chanda','Gothro',63,2),(4,'Stacia','Leyson',180,3),(5,'Alice','Dukes',214,3),(6,'Otelia','Kearby',73,3),(7,'Quincy','Valdez',74,4),(8,'Kathaleen','Honza',66,4),(9,'Maryetta','Domas',482,4),(10,'Emerson','Angevine',382,4),(11,'Deja','Magnanti',9,4),(12,'Luella','Bicek',251,4),(13,'Xenia','Singerman',79,4),(14,'Shavonda','Naumann',432,4),(15,'Migdalia','Maranan',340,4),(16,'Maya','Heinecke',38,4),(17,'Joe','Camaeho',417,4),(18,'Jill','Bezanson',66,4),(19,'Nadine','Irle',444,4),(20,'Dusty','Whitman',217,4),(21,'Romona','Christion',38,4),(22,'Thersa','Zukerman',496,4),(23,'Aurore','Harman',270,4),(24,'Colette','Zegarelli',163,4),(25,'Kathern','Kamirez',21,4),(26,'Margy','Hammel',339,4),(27,'Trenton','Mustard',268,4),(28,'Danika','Condie',373,4),(29,'Tarah','Dishong',471,4),(30,'Xochitl','Stetke',181,4),(31,'Felipe','Terp',33,4),(32,'Ollie','Stinespring',200,4),(33,'Stan','Baell',324,4),(34,'Deangelo','Damoro',46,4),(35,'Katheryn','Mackowski',238,4),(36,'Vergie','Canestraro',308,4),(37,'Tiana','Sliter',308,4),(38,'Clare','Leona',324,4),(39,'Shakia','Forschner',65,4),(40,'Keitha','Vowell',207,4);
/*!40000 ALTER TABLE `mitarbeiter` ENABLE KEYS */;
UNLOCK TABLES;
DROP TABLE IF EXISTS `mitarbeiter_typ`;
/*!40101 SET @saved_cs_client     = @@character_set_client */;
/*!40101 SET character_set_client = utf8 */;
CREATE TABLE `mitarbeiter_typ` (
  `id_mitarbeiter_typ` bigint(20) unsigned NOT NULL AUTO_INCREMENT,
  `mitarbeiter_typ_name` varchar(45) NOT NULL,
  PRIMARY KEY (`id_mitarbeiter_typ`)
) ENGINE=InnoDB AUTO_INCREMENT=5 DEFAULT CHARSET=latin1;
/*!40101 SET character_set_client = @saved_cs_client */;

LOCK TABLES `mitarbeiter_typ` WRITE;
/*!40000 ALTER TABLE `mitarbeiter_typ` DISABLE KEYS */;
INSERT INTO `mitarbeiter_typ` VALUES (1,'Inhaber'),(2,'Manager'),(3,'Kundendienst'),(4,'Kundenbetreuer');
/*!40000 ALTER TABLE `mitarbeiter_typ` ENABLE KEYS */;
UNLOCK TABLES;
DROP TABLE IF EXISTS `orte`;
/*!40101 SET @saved_cs_client     = @@character_set_client */;
/*!40101 SET character_set_client = utf8 */;
CREATE TABLE `orte` (
  `id_orte` bigint(20) unsigned NOT NULL AUTO_INCREMENT,
  `ortsname` varchar(255) NOT NULL,
  `ortsname_k` varchar(5) NOT NULL,
  `plz` int(11) NOT NULL,
  `fk_land` bigint(20) unsigned NOT NULL,
  PRIMARY KEY (`id_orte`),
  KEY `fk_orte_land_idx` (`fk_land`),
  CONSTRAINT `fk_orte_land` FOREIGN KEY (`fk_land`) REFERENCES `land` (`id_land`) ON DELETE NO ACTION ON UPDATE NO ACTION
) ENGINE=InnoDB AUTO_INCREMENT=4176 DEFAULT CHARSET=latin1;
/*!40101 SET character_set_client = @saved_cs_client */;

LOCK TABLES `orte` WRITE;
/*!40000 ALTER TABLE `orte` DISABLE KEYS */;
INSERT INTO `orte` VALUES (1,'Aadorf','TG',8355,218),(2,'Aarau','AG',5004,218),(3,'Aarau','AG',5000,218),(4,'Aarau Rohr','AG',5032,218),(5,'Aarberg','BE',3270,218),(6,'Aarburg','AG',4663,218),(7,'Aarwangen','BE',4912,218),(8,'Aathal-Seegrben','ZH',8607,218),(9,'Aawangen','TG',8522,218),(10,'Ablndschen','BE',1657,218),(11,'Abtwil AG','AG',5646,218),(12,'Abtwil SG','SG',9030,218),(13,'Achseten','BE',3725,218),(14,'Aclens','VD',1123,218),(15,'Acquarossa','TI',6716,218),(16,'Adelboden','BE',3715,218),(17,'Adetswil','ZH',8345,218),(18,'Adligenswil','LU',6043,218),(19,'Adlikon b. Andelfingen','ZH',8452,218),(20,'Adlikon b. Regensdorf','ZH',8106,218),(21,'Adliswil','ZH',8134,218),(22,'Aedermannsdorf','SO',4714,218),(23,'Aefligen','BE',3426,218),(24,'Aegerten','BE',2558,218),(25,'Aesch (Neftenbach)','ZH',8412,218),(26,'Aesch BL','BL',4147,218),(27,'Aesch LU','LU',6287,218),(28,'Aesch ZH','ZH',8904,218),(29,'Aeschau','BE',3536,218),(30,'Aeschi SO','SO',4556,218),(31,'Aeschi b. Spiez','BE',3703,218),(32,'Aeschiried','BE',3703,218),(33,'Aeschlen b. Oberdiessbach','BE',3672,218),(34,'Aeschlen ob Gunten','BE',3656,218),(35,'Aetigkofen','SO',4583,218),(36,'Aetingen','SO',4587,218),(37,'Aettenschwil','AG',5645,218),(38,'Aeugst am Albis','ZH',8914,218),(39,'Aeugstertal','ZH',8914,218),(40,'Affeltrangen','TG',9556,218),(41,'Affoltern am Albis','ZH',8910,218),(42,'Affoltern im Emmental','BE',3416,218),(43,'Agarn','VS',3951,218),(44,'Agarone','TI',6597,218),(45,'Agasul','ZH',8308,218),(46,'Agiez','VD',1352,218),(47,'Agno','TI',6982,218),(48,'Agra','TI',6927,218),(49,'Agriswil','FR',3216,218),(50,'Aigle','VD',1860,218),(51,'Aire-la-Ville','GE',1288,218),(52,'Airolo','TI',6780,218),(53,'Alberswil','LU',6248,218),(54,'Albeuve','FR',1669,218),(55,'Albinen','VS',3955,218),(56,'Albligen','BE',3183,218),(57,'Alchenflh','BE',3422,218),(58,'Alchenstorf','BE',3473,218),(59,'Aldesago','TI',6974,218),(60,'Algetshausen','SG',9249,218),(61,'Alikon','AG',5643,218),(62,'Allaman','VD',1165,218),(63,'Alle','JU',2942,218),(64,'Allens','VD',1304,218),(65,'Allenwinden','ZG',6319,218),(66,'Allerheiligenberg','SO',4615,218),(67,'Allmendingen b. Bern','BE',3112,218),(68,'Allschwil','BL',4123,218),(69,'Almens','GR',7416,218),(70,'Alosen','ZG',6315,218),(71,'Alp Grm','GR',7710,218),(72,'Alpnach Dorf','OW',6055,218),(73,'Alpnachstad','OW',6053,218),(74,'Alpthal','SZ',8849,218),(75,'Alt St. Johann','SG',9656,218),(76,'Altbron','LU',6147,218),(77,'Altdorf SH','SH',8243,218),(78,'Altdorf UR','UR',6460,218),(79,'Alten','ZH',8453,218),(80,'Altendorf','SZ',8852,218),(81,'Altenrhein','SG',9423,218),(82,'Alterswil FR','FR',1715,218),(83,'Alterswilen','TG',8573,218),(84,'Altikon','ZH',8479,218),(85,'Altishausen','TG',8573,218),(86,'Altishofen','LU',6246,218),(87,'Altnau','TG',8595,218),(88,'Altsttten SG','SG',9450,218),(89,'Altwis','LU',6286,218),(90,'Alvaneu Bad','GR',7473,218),(91,'Alvaneu Dorf','GR',7492,218),(92,'Alvaschein','GR',7451,218),(93,'Am Bach (Avers)','GR',7447,218),(94,'Ambr','TI',6775,218),(95,'Amden','SG',8873,218),(96,'Aminona','VS',3963,218),(97,'Amlikon-Bissegg','TG',8514,218),(98,'Ammerswil AG','AG',5600,218),(99,'Ammerzwil BE','BE',3257,218),(100,'Amriswil','TG',8580,218),(101,'Amsoldingen','BE',3633,218),(102,'Amsteg','UR',6474,218),(103,'Andeer','GR',7440,218),(104,'Andelfingen','ZH',8450,218),(105,'Andermatt','UR',6490,218),(106,'Andhausen','TG',8572,218),(107,'Andiast','GR',7159,218),(108,'Andwil SG','SG',9204,218),(109,'Andwil TG','TG',8586,218),(110,'Anglikon','AG',5611,218),(111,'Anires','GE',1247,218),(112,'Anwil','BL',4469,218),(113,'Anzonico','TI',6748,218),(114,'Anzre','VS',1972,218),(115,'Appenzell','AI',9050,218),(116,'Appenzell Eggerstanden','AI',9050,218),(117,'Appenzell Enggenhtten','AI',9050,218),(118,'Appenzell Meistersrte','AI',9050,218),(119,'Appenzell Schlatt','AI',9050,218),(120,'Appenzell Steinegg','AI',9050,218),(121,'Apples','VD',1143,218),(122,'Aproz (Nendaz)','VS',1994,218),(123,'Aquila','TI',6719,218),(124,'Aquila','TI',6719,218),(125,'Aquila','TI',6719,218),(126,'Aran','VD',1091,218),(127,'Aranno','TI',6994,218),(128,'Arbaz','VS',1974,218),(129,'Arbedo','TI',6517,218),(130,'Arboldswil','BL',4424,218),(131,'Arbon','TG',9320,218),(132,'Arcegno','TI',6618,218),(133,'Arcegno','TI',6618,218),(134,'Arch','BE',3296,218),(135,'Arconciel','FR',1732,218),(136,'Ardez','GR',7546,218),(137,'Ardon','VS',1957,218),(138,'Areuse','NE',2015,218),(139,'Arezen','GR',7104,218),(140,'Argnou (Ayent)','VS',1966,218),(141,'Arisdorf','BL',4422,218),(142,'Aristau','AG',5628,218),(143,'Arlesheim','BL',4144,218),(144,'Arnegg','SG',9212,218),(145,'Arnex-sur-Nyon','VD',1277,218),(146,'Arnex-sur-Orbe','VD',1321,218),(147,'Arni AG','AG',8905,218),(148,'Arni BE','BE',3508,218),(149,'Arogno','TI',6822,218),(150,'Arolla','VS',1986,218),(151,'Arosa','GR',7050,218),(152,'Arosio','TI',6939,218),(153,'Arth','SZ',6415,218),(154,'Arveyes','VD',1884,218),(155,'Arvigo','GR',6543,218),(156,'Arvillard (Salins)','VS',1991,218),(157,'Arzier','VD',1273,218),(158,'Arzo','TI',6864,218),(159,'Ascharina','GR',7245,218),(160,'Ascona','TI',6612,218),(161,'Asp','AG',5025,218),(162,'Assens','VD',1042,218),(163,'Astano','TI',6999,218),(164,'Asuel','JU',2954,218),(165,'Athenaz (Avusy)','GE',1285,218),(166,'Attalens','FR',1616,218),(167,'Attelwil','AG',5056,218),(168,'Attikon','ZH',8544,218),(169,'Attinghausen','UR',6468,218),(170,'Attiswil','BE',4536,218),(171,'Au SG','SG',9434,218),(172,'Au TG','TG',8376,218),(173,'Au ZH','ZH',8804,218),(174,'Aubonne','VD',1170,218),(175,'Auboranges','FR',1673,218),(176,'Auddes-sur-Riddes','VS',1914,218),(177,'Auenstein','AG',5105,218),(178,'Augio','GR',6547,218),(179,'Augst BL','BL',4302,218),(180,'Aumont','FR',1484,218),(181,'Auressio','TI',6661,218),(182,'Aurigeno','TI',6677,218),(183,'Auslikon','ZH',8331,218),(184,'Ausserberg','VS',3938,218),(185,'Ausserbinn','VS',3995,218),(186,'Ausserferrera','GR',7444,218),(187,'Auswil','BE',4944,218),(188,'Autafond','FR',1782,218),(189,'Autavaux','FR',1475,218),(190,'Autigny','FR',1742,218),(191,'Auvernier','NE',2012,218),(192,'Auw','AG',5644,218),(193,'Avegno','TI',6670,218),(194,'Aven','VS',1976,218),(195,'Avenches','VD',1580,218),(196,'Avry-devant-Pont','FR',1644,218),(197,'Avry-sur-Matran','FR',1754,218),(198,'Avully','GE',1237,218),(199,'Axalp','BE',3855,218),(200,'Ayer','VS',3961,218),(201,'Azmoos','SG',9478,218),(202,'Are','GE',1219,218),(203,'Baar','ZG',6340,218),(204,'Baar (Nendaz)','VS',1996,218),(205,'Bachenblach','ZH',8184,218),(206,'Bachs','ZH',8164,218),(207,'Bad Ragaz','SG',7310,218),(208,'Bad Ragaz','SG',7310,218),(209,'Bad Zurzach','AG',5330,218),(210,'Baden','AG',5404,218),(211,'Baden','AG',5400,218),(212,'Baldegg','LU',6283,218),(213,'Baldingen','AG',5333,218),(214,'Balerna','TI',6828,218),(215,'Balgach','SG',9436,218),(216,'Ballaigues','VD',1338,218),(217,'Ballens','VD',1144,218),(218,'Ballmoos','BE',3303,218),(219,'Ballwil','LU',6275,218),(220,'Balm b. Gnsberg','SO',4525,218),(221,'Balm b. Messen','SO',3254,218),(222,'Balmberg','SO',4524,218),(223,'Balsthal','SO',4710,218),(224,'Balterswil','TG',8362,218),(225,'Baltschieder','VS',3937,218),(226,'Baltschieder','VS',3937,218),(227,'Balzers','',9496,218),(228,'Banco','TI',6981,218),(229,'Bangerten b. Dieterswil','BE',3256,218),(230,'Bannwil','BE',4913,218),(231,'Barbengo','TI',6917,218),(232,'Barberche','FR',1783,218),(233,'Bargen BE','BE',3282,218),(234,'Bargen SH','SH',8233,218),(235,'Barmelweid','AG',5017,218),(236,'Barzheim','SH',8241,218),(237,'Basadingen','TG',8254,218),(238,'Basel','BS',4057,218),(239,'Basel','BS',4058,218),(240,'Basel','BS',4052,218),(241,'Basel','BS',4001,218),(242,'Basel','BS',4053,218),(243,'Basel','BS',4052,218),(244,'Basel','BS',4059,218),(245,'Basel','BS',4056,218),(246,'Basel','BS',4051,218),(247,'Basel','BS',4054,218),(248,'Basel','BS',4055,218),(249,'Basse-Nendaz','VS',1996,218),(250,'Bassecourt','JU',2854,218),(251,'Bassersdorf','ZH',8303,218),(252,'Bassins','VD',1269,218),(253,'Bauen','UR',6466,218),(254,'Baulmes','VD',1446,218),(255,'Bauma','ZH',8494,218),(256,'Bavois','VD',1372,218),(257,'Bazenheid','SG',9602,218),(258,'Beatenberg','BE',3803,218),(259,'Beckenried','NW',6375,218),(260,'Bedano','TI',6930,218),(261,'Bedigliora','TI',6981,218),(262,'Bedigliora','TI',6981,218),(263,'Bedretto','TI',6781,218),(264,'Beggingen','SH',8228,218),(265,'Begnins','VD',1268,218),(266,'Beinwil (Freiamt)','AG',5637,218),(267,'Beinwil SO','SO',4229,218),(268,'Beinwil am See','AG',5712,218),(269,'Belalp','VS',3914,218),(270,'Belfaux','FR',1782,218),(271,'Bellach','SO',4512,218),(272,'Bellelay','BE',2713,218),(273,'Bellerive VD','VD',1585,218),(274,'Bellevue','GE',1293,218),(275,'Bellikon','AG',5454,218),(276,'Bellinzona','TI',6500,218),(277,'Bellinzona','TI',6503,218),(278,'Bellmund','BE',2564,218),(279,'Bellwald','VS',3997,218),(280,'Belmont-sur-Lausanne','VD',1092,218),(281,'Belmont-sur-Yverdon','VD',1432,218),(282,'Belp','BE',3123,218),(283,'Belpberg','BE',3124,218),(284,'Belprahon','BE',2744,218),(285,'Benglen','ZH',8121,218),(286,'Benken SG','SG',8717,218),(287,'Benken ZH','ZH',8463,218),(288,'Bennau','SZ',8836,218),(289,'Bennwil','BL',4431,218),(290,'Benzenschwil','AG',5636,218),(291,'Bercher','VD',1038,218),(292,'Berg (Dgerlen)','ZH',8471,218),(293,'Berg SG','SG',9305,218),(294,'Berg TG','TG',8572,218),(295,'Berg TG','TG',8572,218),(296,'Berg am Irchel','ZH',8415,218),(297,'Bergdietikon','AG',8962,218),(298,'Bergn/Bravuogn','GR',7482,218),(299,'Berikon','AG',8965,218),(300,'Beringen','SH',8222,218),(301,'Berken','BE',3376,218),(302,'Berlens','FR',1680,218),(303,'Berlingen','TG',8267,218),(304,'Bern','BE',3018,218),(305,'Bern','BE',3004,218),(306,'Bern','BE',3012,218),(307,'Bern','BE',3011,218),(308,'Bern','BE',3006,218),(309,'Bern','BE',3010,218),(310,'Bern','BE',3008,218),(311,'Bern','BE',3015,218),(312,'Bern','BE',3013,218),(313,'Bern','BE',3027,218),(314,'Bern','BE',3007,218),(315,'Bern','BE',3011,218),(316,'Bern','BE',3005,218),(317,'Bern','BE',3014,218),(318,'Bern','BE',3020,218),(319,'Bern','BE',3019,218),(320,'Berneck','SG',9442,218),(321,'Bernex','GE',1233,218),(322,'Bernhardzell','SG',9304,218),(323,'Berolle','VD',1149,218),(324,'Beromnster','LU',6215,218),(325,'Berschis','SG',8892,218),(326,'Bertschikon','ZH',8543,218),(327,'Bertschikon (Gossau ZH)','ZH',8614,218),(328,'Berzona','TI',6661,218),(329,'Besazio','TI',6863,218),(330,'Besenbren','AG',5627,218),(331,'Besencens','FR',1609,218),(332,'Betschwanden','GL',8777,218),(333,'Betten','VS',3991,218),(334,'Bettenhausen','BE',3366,218),(335,'Bettens','VD',1042,218),(336,'Bettingen','BS',4126,218),(337,'Bettlach','SO',2544,218),(338,'Bettmeralp','VS',3992,218),(339,'Bettwiesen','TG',9553,218),(340,'Bettwil','AG',5618,218),(341,'Beurnevsin','JU',2935,218),(342,'Beuson (Nendaz)','VS',1996,218),(343,'Bevaix','NE',2022,218),(344,'Bever','GR',7502,218),(345,'Bever','GR',7502,218),(346,'Bex','VD',1880,218),(347,'Biasca','TI',6710,218),(348,'Biberen','BE',3206,218),(349,'Biberist','SO',4562,218),(350,'Bibern SH','SH',8242,218),(351,'Bibern SO','SO',4578,218),(352,'Biberstein','AG',5023,218),(353,'Bichelsee','TG',8363,218),(354,'Bichwil','SG',9248,218),(355,'Bidogno','TI',6958,218),(356,'Biel VS','VS',3989,218),(357,'Biel-Benken BL','BL',4105,218),(358,'Biel/Bienne','BE',2504,218),(359,'Biel/Bienne','BE',2503,218),(360,'Biel/Bienne','BE',2502,218),(361,'Biel/Bienne','BE',2505,218),(362,'Bielersee','BE',9999,218),(363,'Biembach im Emmental','BE',3419,218),(364,'Biessenhofen','TG',8580,218),(365,'Bieudron (Nendaz)','VS',1996,218),(366,'Biezwil','SO',4585,218),(367,'Bigenthal','BE',3513,218),(368,'Biglen','BE',3507,218),(369,'Bignasco','TI',6676,218),(370,'Bigorio','TI',6954,218),(371,'Billens','FR',1681,218),(372,'Bilten','GL',8865,218),(373,'Binn','VS',3996,218),(374,'Binningen','BL',4102,218),(375,'Binz','ZH',8122,218),(376,'Bioggio','TI',6934,218),(377,'Biogno-Beride','TI',6981,218),(378,'Bioley-Magnoux','VD',1407,218),(379,'Bioley-Orjulaz','VD',1042,218),(380,'Bionnens','FR',1670,218),(381,'Birgisch','VS',3903,218),(382,'Birmensdorf ZH','ZH',8903,218),(383,'Birmenstorf AG','AG',5413,218),(384,'Bironico','TI',6804,218),(385,'Birr','AG',5242,218),(386,'Birrhard','AG',5244,218),(387,'Birrwil','AG',5708,218),(388,'Birsfelden','BL',4127,218),(389,'Birwinken','TG',8585,218),(390,'Bischofszell','TG',9220,218),(391,'Bisisthal','SZ',6436,218),(392,'Bissone','TI',6816,218),(393,'Bister','VS',3983,218),(394,'Bitsch','VS',3982,218),(395,'Bivio','GR',7457,218),(396,'Bire','VD',1145,218),(397,'Blankenburg','BE',3771,218),(398,'Blatten (Ltschen)','VS',3919,218),(399,'Blatten b. Naters','VS',3914,218),(400,'Blauen','BL',4223,218),(401,'Blausee-Mitholz','BE',3717,218),(402,'Bleienbach','BE',3368,218),(403,'Bleiken b. Oberdiessbach','BE',3674,218),(404,'Blessens','FR',1675,218),(405,'Blignou (Ayent)','VS',1966,218),(406,'Blitzingen','VS',3989,218),(407,'Blonay','VD',1807,218),(408,'Blumenstein','BE',3638,218),(409,'Bodio TI','TI',6743,218),(410,'Bofflens','VD',1353,218),(411,'Bogis-Bossey','VD',1279,218),(412,'Bogno','TI',6951,218),(413,'Bolken','SO',4556,218),(414,'Boll','BE',3067,218),(415,'Bolligen','BE',3065,218),(416,'Bollingen','SG',8715,218),(417,'Bollion','FR',1470,218),(418,'Bollodingen','BE',3366,218),(419,'Boltigen','BE',3766,218),(420,'Bombinasco','TI',6981,218),(421,'Bonaduz','GR',7402,218),(422,'Bonau','TG',8554,218),(423,'Boncourt','JU',2926,218),(424,'Bonfol','JU',2944,218),(425,'Boningen','SO',4618,218),(426,'Boniswil','AG',5706,218),(427,'Bonnefontaine','FR',1724,218),(428,'Bonstetten','ZH',8906,218),(429,'Bonvillars','VD',1427,218),(430,'Boppelsen','ZH',8113,218),(431,'Borex','VD',1277,218),(432,'Borgnone','TI',6658,218),(433,'Borgonovo','GR',7604,218),(434,'Bosco Luganese','TI',6935,218),(435,'Bosco/Gurin','TI',6685,218),(436,'Bossonnens','FR',1615,218),(437,'Boswil','AG',5623,218),(438,'Bottens','VD',1041,218),(439,'Bottenwil','AG',4814,218),(440,'Botterens','FR',1652,218),(441,'Bottighofen','TG',8598,218),(442,'Bottmingen','BL',4103,218),(443,'Botyre (Ayent)','VS',1966,218),(444,'Boudevilliers','NE',2043,218),(445,'Boudry','NE',2017,218),(446,'Bougy-Villars','VD',1172,218),(447,'Boulens','VD',1063,218),(448,'Bouloz','FR',1699,218),(449,'Bourg-St-Pierre','VS',1946,218),(450,'Bourguillon','FR',1722,218),(451,'Bournens','VD',1035,218),(452,'Bourrignon','JU',2803,218),(453,'Boussens','VD',1034,218),(454,'Bouveret','VS',1897,218),(455,'Boveresse','NE',2113,218),(456,'Bovernier','VS',1932,218),(457,'Bowil','BE',3533,218),(458,'Bocourt','JU',2856,218),(459,'Braggio','GR',6544,218),(460,'Brail','GR',7527,218),(461,'Bramboden','LU',6167,218),(462,'Bramois','VS',1967,218),(463,'Bratsch','VS',3957,218),(464,'Braunau','TG',9502,218),(465,'Braunwald','GL',8784,218),(466,'Breganzona','TI',6932,218),(467,'Breil/Brigels','GR',7165,218),(468,'Breitenbach','SO',4226,218),(469,'Bremblens','VD',1121,218),(470,'Bremgarten AG','AG',5620,218),(471,'Bremgarten b. Bern','BE',3047,218),(472,'Brenles','VD',1683,218),(473,'Breno','TI',6937,218),(474,'Brent','VD',1817,218),(475,'Brenzikofen','BE',3671,218),(476,'Bressaucourt','JU',2904,218),(477,'Bretigny-sur-Morrens','VD',1053,218),(478,'Bretonnires','VD',1329,218),(479,'Bretzwil','BL',4207,218),(480,'Brienz BE','BE',3855,218),(481,'Brienz/Brinzauls GR','GR',7084,218),(482,'Brienzersee','BE',9999,218),(483,'Brienzwiler','BE',3856,218),(484,'Brig','VS',3900,218),(485,'Brigerbad','VS',3900,218),(486,'Brignon (Nendaz)','VS',1996,218),(487,'Brione (Verzasca)','TI',6634,218),(488,'Brione sopra Minusio','TI',6645,218),(489,'Brislach','BL',4225,218),(490,'Brissago','TI',6614,218),(491,'Bristen','UR',6475,218),(492,'Brittern','SO',4588,218),(493,'Brittnau','AG',4805,218),(494,'Broc','FR',1636,218),(495,'Broglio','TI',6693,218),(496,'Bronschhofen','SG',9552,218),(497,'Brontallo','TI',6692,218),(498,'Brot-Dessous','NE',2149,218),(499,'Brot-Plamboz','NE',2318,218),(500,'Bruderholz','BL',4101,218),(501,'Brugg AG','AG',5200,218),(502,'Brunegg','AG',5505,218),(503,'Brunnadern','SG',9125,218),(504,'Brunnen','SZ',6440,218),(505,'Brunnenthal','SO',3307,218),(506,'Brusino Arsizio','TI',6827,218),(507,'Brusio','GR',7743,218),(508,'Bruson','VS',1934,218),(509,'Bruzella','TI',6837,218),(510,'Br sopra Lugano','TI',6979,218),(511,'Brgg BE','BE',2555,218),(512,'Brgglen','SO',4582,218),(513,'Brlisau','AI',9058,218),(514,'Brnig','BE',3860,218),(515,'Brnisried','FR',1719,218),(516,'Brttelen','BE',3237,218),(517,'Brtten','ZH',8311,218),(518,'Brttisellen','ZH',8306,218),(519,'Bubendorf','BL',4416,218),(520,'Bubikon','ZH',8608,218),(521,'Buch SH','SH',8263,218),(522,'Buch am Irchel','ZH',8414,218),(523,'Buch b. Frauenfeld','TG',8524,218),(524,'Buch b. Kmmertshausen','TG',8586,218),(525,'Buch b. Mrwil','TG',9562,218),(526,'Buchackern','TG',8586,218),(527,'Buchberg','SH',8454,218),(528,'Buchberg','SH',8454,218),(529,'Buchberg','SH',8454,218),(530,'Buchen BE','BE',3623,218),(531,'Buchen im Prttigau','GR',7223,218),(532,'Buchillon','VD',1164,218),(533,'Buchrain','LU',6033,218),(534,'Buchs AG','AG',5033,218),(535,'Buchs LU','LU',6211,218),(536,'Buchs SG','SG',9470,218),(537,'Buchs ZH','ZH',8107,218),(538,'Buckten','BL',4446,218),(539,'Buhwil','TG',9215,218),(540,'Buix','JU',2925,218),(541,'Bulle','FR',1630,218),(542,'Bullet','VD',1453,218),(543,'Buochs','NW',6374,218),(544,'Buonas','ZG',6343,218),(545,'Bure','JU',2915,218),(546,'Burg AG','AG',5736,218),(547,'Burg im Leimental','BL',4117,218),(548,'Burgdorf','BE',3400,218),(549,'Burgistein','BE',3664,218),(550,'Burglauenen','BE',3816,218),(551,'Burgschi','SO',4556,218),(552,'Bursinel','VD',1195,218),(553,'Bursins','VD',1183,218),(554,'Burtigny','VD',1268,218),(555,'Buseno','GR',6542,218),(556,'Bussigny','VD',1030,218),(557,'Bussigny-sur-Oron','VD',1608,218),(558,'Bussnang','TG',9565,218),(559,'Busswil BE','BE',3292,218),(560,'Busswil TG','TG',8371,218),(561,'Busswil b. Melchnau','BE',4917,218),(562,'Bussy FR','FR',1541,218),(563,'Bussy-Chardonney','VD',1136,218),(564,'Bussy-sur-Moudon','VD',1514,218),(565,'Buttes','NE',2115,218),(566,'Buttikon SZ','SZ',8863,218),(567,'Buttisholz','LU',6018,218),(568,'Buttwil','AG',5632,218),(569,'Buus','BL',4463,218),(570,'Bch SZ','SZ',8806,218),(571,'Bchli (Hemberg)','SG',9633,218),(572,'Bnk (Dgerlen)','ZH',8471,218),(573,'Brau','BE',3552,218),(574,'Bretswil','ZH',8344,218),(575,'Briswil BE','BE',3323,218),(576,'Brschwil','SO',4252,218),(577,'Btterkinden','BE',3315,218),(578,'Btterkinden','BE',3315,218),(579,'Bttwil','SO',4112,218),(580,'Bvilard','BE',2735,218),(581,'Ble','NE',2014,218),(582,'Bbikon','AG',5334,218),(583,'Bckten','BL',4461,218),(584,'Bnigen b. Interlaken','BE',3806,218),(585,'Bsingen','FR',3178,218),(586,'Bttstein','AG',5315,218),(587,'Bzberg','AG',5225,218),(588,'Bzen','AG',5076,218),(589,'Bchslen','FR',3215,218),(590,'Betigen','BE',3263,218),(591,'Bhl b. Aarberg','BE',3274,218),(592,'Bhler','AR',9055,218),(593,'Blach','ZH',8180,218),(594,'Bnzen','AG',5624,218),(595,'Brchen','VS',3935,218),(596,'Bren NW','NW',6382,218),(597,'Bren SO','SO',4413,218),(598,'Bren an der Aare','BE',3294,218),(599,'Bren zum Hof','BE',3313,218),(600,'Brgenstock','NW',6363,218),(601,'Brglen OW','OW',6078,218),(602,'Brglen TG','TG',8575,218),(603,'Brglen UR','UR',6463,218),(604,'Briswilen','AI',9442,218),(605,'Bron','LU',6233,218),(606,'Bsserach','SO',4227,218),(607,'Btschwil','SG',9606,218),(608,'Bttenhardt','SH',8236,218),(609,'Bttikon AG','AG',5619,218),(610,'Btzberg','BE',4922,218),(611,'Cabbio','TI',6838,218),(612,'Cademario','TI',6936,218),(613,'Cadempino','TI',6814,218),(614,'Cadenazzo','TI',6593,218),(615,'Cadro','TI',6965,218),(616,'Cagiallo','TI',6955,218),(617,'Cagiallo','TI',6955,218),(618,'Cagiallo','TI',6955,218),(619,'Calfreisen','GR',7027,218),(620,'Calonico','TI',6746,218),(621,'Calpiogna','TI',6760,218),(622,'Cama','GR',6557,218),(623,'Camedo','TI',6659,218),(624,'Camignolo','TI',6803,218),(625,'Camischolas','GR',7187,218),(626,'Camorino','TI',6528,218),(627,'Campascio','GR',7748,218),(628,'Campello','TI',6760,218),(629,'Camperio','TI',6718,218),(630,'Campo (Blenio)','TI',6720,218),(631,'Campo (Vallemaggia)','TI',6684,218),(632,'Campocologno','GR',7744,218),(633,'Campora','TI',6875,218),(634,'Campsut-Crt','GR',7446,218),(635,'Camuns','GR',7113,218),(636,'Caneggio','TI',6837,218),(637,'Canobbio','TI',6952,218),(638,'Capolago','TI',6825,218),(639,'Capolago','TI',6825,218),(640,'Carabbia','TI',6913,218),(641,'Carabietta','TI',6919,218),(642,'Carena','TI',6584,218),(643,'Carona','TI',6914,218),(644,'Carouge GE','GE',1227,218),(645,'Carrera','GR',7122,218),(646,'Carrouge VD','VD',1084,218),(647,'Cartigny','GE',1236,218),(648,'Car','TI',6760,218),(649,'Casaccia','GR',7602,218),(650,'Casima','TI',6875,218),(651,'Caslano','TI',6987,218),(652,'Cassina d\'Agno','TI',6990,218),(653,'Castagnola','TI',6976,218),(654,'Castaneda','GR',6540,218),(655,'Castasegna','GR',7608,218),(656,'Castel San Pietro','TI',6874,218),(657,'Castelrotto','TI',6980,218),(658,'Castiel','GR',7027,218),(659,'Castione','TI',6532,218),(660,'Castrisch','GR',7126,218),(661,'Castro','TI',6723,218),(662,'Cauco','GR',6546,218),(663,'Caux','VD',1824,218),(664,'Cavagnago','TI',6749,218),(665,'Cavardiras','GR',7182,218),(666,'Cavergno','TI',6690,218),(667,'Caviano','TI',6578,218),(668,'Cavigliano','TI',6654,218),(669,'Cazis','GR',7408,218),(670,'Celerina/Schlarigna','GR',7505,218),(671,'Cerentino','TI',6683,218),(672,'Cerniat FR','FR',1654,218),(673,'Cerniaz VD','VD',1682,218),(674,'Cernier','NE',2053,218),(675,'Certara','TI',6959,218),(676,'Cevio','TI',6675,218),(677,'Chabrey','VD',1589,218),(678,'Chailly-Montreux','VD',1816,218),(679,'Chalais','VS',3966,218),(680,'Cham','ZG',6330,218),(681,'Chamblon','VD',1436,218),(682,'Chambrelien','NE',2019,218),(683,'Chamby','VD',1832,218),(684,'Chambsy','GE',1292,218),(685,'Chamoille (Sembrancher)','VS',1933,218),(686,'Chamoson','VS',1955,218),(687,'Champ-du-Moulin','NE',2149,218),(688,'Champagne','VD',1424,218),(689,'Champex-Lac','VS',1938,218),(690,'Champfr','GR',7512,218),(691,'Champlan (Grimisuat)','VS',1971,218),(692,'Champoussin','VS',1873,218),(693,'Champoz','BE',2735,218),(694,'Champsec','VS',1947,218),(695,'Champtauroz','VD',1537,218),(696,'Champvent','VD',1443,218),(697,'Champzab','VS',3976,218),(698,'Champry','VS',1874,218),(699,'Chancy','GE',1284,218),(700,'Chandolin','VS',3961,218),(701,'Chandolin (Savise)','VS',1965,218),(702,'Chandon','FR',1773,218),(703,'Chandonne (Liddes)','VS',1945,218),(704,'Chanaz','VD',1409,218),(705,'Chapelle (Broye)','FR',1534,218),(706,'Chapelle (Glne)','FR',1608,218),(707,'Chapelle-sur-Moudon','VD',1063,218),(708,'Chardonne','VD',1803,218),(709,'Charmey (Gruyre)','FR',1637,218),(710,'Charmoille','JU',2947,218),(711,'Charrat','VS',1906,218),(712,'Chaumont','NE',2067,218),(713,'Chavannes-de-Bogis','VD',1279,218),(714,'Chavannes-des-Bois','VD',1290,218),(715,'Chavannes-le-Chne','VD',1464,218),(716,'Chavannes-le-Veyron','VD',1148,218),(717,'Chavannes-les-Forts','FR',1676,218),(718,'Chavannes-prs-Renens','VD',1022,218),(719,'Chavannes-sous-Orsonnens','FR',1694,218),(720,'Chavannes-sur-Moudon','VD',1512,218),(721,'Chavornay','VD',1373,218),(722,'Cheiry','FR',1529,218),(723,'Chemin','VS',1927,218),(724,'Chenaux','VD',1091,218),(725,'Chermignon','VS',3971,218),(726,'Chermignon-d\'en-Bas','VS',3971,218),(727,'Chernex','VD',1822,218),(728,'Chesalles-sur-Moudon','VD',1683,218),(729,'Chesalles-sur-Oron','VD',1608,218),(730,'Cheseaux-Noraz','VD',1400,218),(731,'Cheseaux-sur-Lausanne','VD',1033,218),(732,'Chesires','VD',1885,218),(733,'Chessel','VD',1846,218),(734,'Chevenez','JU',2906,218),(735,'Chevilly','VD',1316,218),(736,'Chevroux','VD',1545,218),(737,'Chexbres','VD',1071,218),(738,'Cheyres','FR',1468,218),(739,'Chez Petit (Liddes)','VS',1945,218),(740,'Chez-le-Bart','NE',2025,218),(741,'Chiasso','TI',6830,218),(742,'Chiggiogna','TI',6764,218),(743,'Chiggiogna','TI',6764,218),(744,'Chigny','VD',1134,218),(745,'Chippis','VS',3965,218),(746,'Chironico','TI',6747,218),(747,'Choulex','GE',1244,218),(748,'Chox','VS',1871,218),(749,'Chur','GR',7000,218),(750,'Churwalden','GR',7075,218),(751,'Chbles FR','FR',1474,218),(752,'Chteau-d\'Oex','VD',1660,218),(753,'Chtel-St-Denis','FR',1618,218),(754,'Chtel-sur-Montsalvens','FR',1653,218),(755,'Chtelaine','GE',1219,218),(756,'Chtelat','BE',2715,218),(757,'Chtillens','VD',1610,218),(758,'Chtillon FR','FR',1473,218),(759,'Chtillon JU','JU',2843,218),(760,'Chtonnaye','FR',1553,218),(761,'Chnens','FR',1744,218),(762,'Chserex','VD',1275,218),(763,'Chsopelloz','FR',1720,218),(764,'Chzard-St-Martin','NE',2054,218),(765,'Chne-Bougeries','GE',1224,218),(766,'Chne-Bougeries','GE',1224,218),(767,'Chne-Bourg','GE',1225,218),(768,'Chne-Pquier','VD',1464,218),(769,'Cimadera','TI',6959,218),(770,'Cimalmotto','TI',6684,218),(771,'Cimo','TI',6992,218),(772,'Cinuos-chel','GR',7526,218),(773,'Clarens','VD',1815,218),(774,'Clarmont','VD',1127,218),(775,'Claro','TI',6702,218),(776,'Clavaleyres','BE',1595,218),(777,'Clugin','GR',7442,218),(778,'Clbes (Nendaz)','VS',1993,218),(779,'Coeuve','JU',2932,218),(780,'Coffrane','NE',2207,218),(781,'Coglio','TI',6678,218),(782,'Coinsins','VD',1267,218),(783,'Cointrin','GE',1216,218),(784,'Coldrerio','TI',6877,218),(785,'Colla','TI',6951,218),(786,'Collex','GE',1239,218),(787,'Collombey','VS',1868,218),(788,'Collonge-Bellerive','GE',1245,218),(789,'Collonges','VS',1903,218),(790,'Cologny','GE',1223,218),(791,'Colombier NE','NE',2013,218),(792,'Colombier VD','VD',1114,218),(793,'Comano','TI',6949,218),(794,'Combremont-le-Grand','VD',1535,218),(795,'Combremont-le-Petit','VD',1536,218),(796,'Commugny','VD',1291,218),(797,'Comologno','TI',6663,218),(798,'Conches','GE',1231,218),(799,'Concise','VD',1426,218),(800,'Condmines (Nendaz)','VS',1996,218),(801,'Confignon','GE',1232,218),(802,'Constantine','VD',1587,218),(803,'Conters im Prttigau','GR',7241,218),(804,'Conthey','VS',1964,218),(805,'Contone','TI',6594,218),(806,'Contra','TI',6646,218),(807,'Coppet','VD',1296,218),(808,'Corban','JU',2826,218),(809,'Corbeyrier','VD',1856,218),(810,'Corbires','FR',1647,218),(811,'Corcelles BE','BE',2747,218),(812,'Corcelles NE','NE',2035,218),(813,'Corcelles-le-Jorat','VD',1082,218),(814,'Corcelles-prs-Concise','VD',1426,218),(815,'Corcelles-prs-Payerne','VD',1562,218),(816,'Corcelles-sur-Chavornay','VD',1374,218),(817,'Cordast','FR',1792,218),(818,'Corgmont','BE',2606,218),(819,'Corin-de-la-Crte','VS',3960,218),(820,'Corippo','TI',6631,218),(821,'Corjolens','FR',1754,218),(822,'Cormagens','FR',1782,218),(823,'Corminboeuf','FR',1720,218),(824,'Cormondrche','NE',2036,218),(825,'Cormoret','BE',2612,218),(826,'Cormrod','FR',1721,218),(827,'Cornaux NE','NE',2087,218),(828,'Cornol','JU',2952,218),(829,'Corpataux-Magnedens','FR',1727,218),(830,'Correvon','VD',1410,218),(831,'Corseaux','VD',1802,218),(832,'Corserey','FR',1747,218),(833,'Corsier GE','GE',1246,218),(834,'Corsier-sur-Vevey','VD',1804,218),(835,'Cortaillod','NE',2016,218),(836,'Corteglia','TI',6873,218),(837,'Corticiasca','TI',6958,218),(838,'Corticiasca','TI',6958,218),(839,'Cortbert','BE',2607,218),(840,'Corzoneso','TI',6722,218),(841,'Cossonay-Ville','VD',1304,218),(842,'Cottens FR','FR',1741,218),(843,'Cottens VD','VD',1116,218),(844,'Cotterd','VD',1585,218),(845,'Courcelon','JU',2823,218),(846,'Courchapoix','JU',2825,218),(847,'Courchavon','JU',2922,218),(848,'Courfaivre','JU',2853,218),(849,'Courgenay','JU',2950,218),(850,'Courgevaux','FR',1796,218),(851,'Courlevon','FR',1795,218),(852,'Cournillens','FR',1721,218),(853,'Courrendlin','JU',2830,218),(854,'Courroux','JU',2822,218),(855,'Court','BE',2738,218),(856,'Courtaman','FR',1791,218),(857,'Courtedoux','JU',2905,218),(858,'Courtelary','BE',2608,218),(859,'Courtemautruy','JU',2950,218),(860,'Courtemache','JU',2923,218),(861,'Courtepin','FR',1784,218),(862,'Courtion','FR',1721,218),(863,'Courttelle','JU',2852,218),(864,'Cousset','FR',1774,218),(865,'Cousset','FR',1774,218),(866,'Couvet','NE',2108,218),(867,'Cozzo','TI',6951,218),(868,'Crana','TI',6611,218),(869,'Crans-Montana','VS',3963,218),(870,'Crans-prs-Cligny','VD',1299,218),(871,'Crans-prs-Cligny','VD',1299,218),(872,'Crassier','VD',1263,218),(873,'Cremin','VD',1526,218),(874,'Cresciano','TI',6705,218),(875,'Cressier FR','FR',1785,218),(876,'Cressier NE','NE',2088,218),(877,'Cresta (Avers)','GR',7447,218),(878,'Cries (Vollges)','VS',1941,218),(879,'Crissier','VD',1023,218),(880,'Cronay','VD',1406,218),(881,'Croy','VD',1322,218),(882,'Crusch','GR',7554,218),(883,'Crmines','BE',2746,218),(884,'Crsuz','FR',1653,218),(885,'Crte--l\'Oeil (Les Agettes)','VS',1992,218),(886,'Cuarnens','VD',1148,218),(887,'Cuarny','VD',1404,218),(888,'Cudrefin','VD',1588,218),(889,'Cugnasco','TI',6516,218),(890,'Cugy FR','FR',1482,218),(891,'Cugy VD','VD',1053,218),(892,'Cully','VD',1096,218),(893,'Cumbel','GR',7142,218),(894,'Cumpadials','GR',7176,218),(895,'Cunter','GR',7452,218),(896,'Curaglia','GR',7184,218),(897,'Cureggia','TI',6963,218),(898,'Cureglia','TI',6944,218),(899,'Curio','TI',6986,218),(900,'Curtilles','VD',1521,218),(901,'Curtina','TI',6959,218),(902,'Cligny','GE',1298,218),(903,'Cligny','GE',1298,218),(904,'Dachsen','ZH',8447,218),(905,'Dagmersellen','LU',6252,218),(906,'Daillens','VD',1306,218),(907,'Daillon','VS',1976,218),(908,'Daiwil','LU',6126,218),(909,'Dalin','GR',7424,218),(910,'Dallenwil','NW',6383,218),(911,'Dalpe','TI',6774,218),(912,'Damphreux','JU',2933,218),(913,'Damvant','JU',2914,218),(914,'Dangio','TI',6717,218),(915,'Danis','GR',7163,218),(916,'Dardagny','GE',1283,218),(917,'Dardin','GR',7164,218),(918,'Davesco-Soragno','TI',6964,218),(919,'Davos Clavadel','GR',7272,218),(920,'Davos Dorf','GR',7260,218),(921,'Davos Frauenkirch','GR',7276,218),(922,'Davos Glaris','GR',7277,218),(923,'Davos Monstein','GR',7278,218),(924,'Davos Platz','GR',7270,218),(925,'Davos Wiesen','GR',7494,218),(926,'Davos Wolfgang','GR',7265,218),(927,'Degen','GR',7145,218),(928,'Degersheim','SG',9113,218),(929,'Deisswil b. Mnchenbuchsee','BE',3053,218),(930,'Deitingen','SO',4543,218),(931,'Delley','FR',1567,218),(932,'Delmont','JU',2800,218),(933,'Denens','VD',1135,218),(934,'Denezy','VD',1410,218),(935,'Denges','VD',1026,218),(936,'Densbren','AG',5026,218),(937,'Derendingen','SO',4552,218),(938,'Detligen','BE',3036,218),(939,'Dettighofen','TG',8505,218),(940,'Dettighofen (Lengwil)','TG',8574,218),(941,'Develier','JU',2802,218),(942,'Dicken','SG',9115,218),(943,'Diegten','BL',4457,218),(944,'Dielsdorf','ZH',8157,218),(945,'Diemerswil','BE',3053,218),(946,'Diemtigen','BE',3754,218),(947,'Diepflingen','BL',4442,218),(948,'Diepoldsau','SG',9444,218),(949,'Dierikon','LU',6036,218),(950,'Diesbach GL','GL',8777,218),(951,'Diessbach b. Bren','BE',3264,218),(952,'Diesse','BE',2517,218),(953,'Diessenhofen','TG',8253,218),(954,'Dieterswil','BE',3256,218),(955,'Dietfurt','SG',9615,218),(956,'Dietikon','ZH',8953,218),(957,'Dietlikon','ZH',8305,218),(958,'Dietschwil','SG',9533,218),(959,'Dietwil','AG',6042,218),(960,'Dinhard','ZH',8474,218),(961,'Dino','TI',6967,218),(962,'Dintikon','AG',5606,218),(963,'Diolly (Savise)','VS',1965,218),(964,'Disentis/Mustr','GR',7180,218),(965,'Dittingen','BL',4243,218),(966,'Dizy','VD',1304,218),(967,'Domat/Ems','GR',7013,218),(968,'Dombresson','NE',2056,218),(969,'Domdidier','FR',1564,218),(970,'Dommartin','VD',1041,218),(971,'Dompierre FR','FR',1563,218),(972,'Dompierre VD','VD',1682,218),(973,'Donat','GR',7433,218),(974,'Donatyre','VD',1580,218),(975,'Dongio','TI',6715,218),(976,'Donneloye','VD',1407,218),(977,'Donzhausen','TG',8583,218),(978,'Doppleschwand','LU',6112,218),(979,'Dorf','ZH',8458,218),(980,'Dornach','SO',4143,218),(981,'Dornaz','VS',1905,218),(982,'Dotnacht','TG',8566,218),(983,'Dottikon','AG',5605,218),(984,'Dotzigen','BE',3293,218),(985,'Dozwil','TG',8582,218),(986,'Dranse (Liddes)','VS',1945,218),(987,'Dreien','SG',9612,218),(988,'Drne (Savise)','VS',1965,218),(989,'Duggingen','BL',4202,218),(990,'Dugny (Leytron)','VS',1912,218),(991,'Duillier','VD',1266,218),(992,'Dulliken','SO',4657,218),(993,'Dully','VD',1195,218),(994,'Dussnang','TG',8374,218),(995,'Duvin','GR',7112,218),(996,'Dgerlen','ZH',8471,218),(997,'Dllikon','ZH',8108,218),(998,'Dniken SO','SO',4658,218),(999,'Dnikon ZH','ZH',8114,218),(1000,'Drligen','BE',3707,218),(1001,'Drstetten','BE',3763,218),(1002,'Dttlikon','ZH',8421,218),(1003,'Dttwil AG','AG',5405,218),(1004,'Dmoret','VD',1415,218),(1005,'Drflingen','SH',8239,218),(1006,'Dttingen','AG',5312,218),(1007,'Dbendorf','ZH',8600,218),(1008,'Ddingen','FR',3186,218),(1009,'Drnten','ZH',8635,218),(1010,'Drrenroth','BE',3465,218),(1011,'Drrensch','AG',5724,218),(1012,'Ebersecken','LU',6245,218),(1013,'Ebersol','SG',9122,218),(1014,'Ebertswil','ZH',8925,218),(1015,'Ebikon','LU',6030,218),(1016,'Ebmatingen','ZH',8123,218),(1017,'Ebnat-Kappel','SG',9642,218),(1018,'Ebnet','LU',6163,218),(1019,'Echallens','VD',1040,218),(1020,'Echandens','VD',1026,218),(1021,'Echarlens','FR',1646,218),(1022,'Echichens','VD',1112,218),(1023,'Eclagnens','VD',1376,218),(1024,'Eclpens','VD',1312,218),(1025,'Ecoteaux','VD',1612,218),(1026,'Ecublens FR','FR',1673,218),(1027,'Ecublens VD','VD',1024,218),(1028,'Ecuvillens','FR',1730,218),(1029,'Ederswiler','JU',2813,218),(1030,'Edlibach','ZG',6313,218),(1031,'Effingen','AG',5078,218),(1032,'Effretikon','ZH',8307,218),(1033,'Egerkingen','SO',4622,218),(1034,'Egg (Flawil)','SG',9231,218),(1035,'Egg SZ','SZ',8847,218),(1036,'Egg b. Zrich','ZH',8132,218),(1037,'Eggenwil','AG',5445,218),(1038,'Eggerberg','VS',3939,218),(1039,'Eggersriet','SG',9034,218),(1040,'Eggiwil','BE',3537,218),(1041,'Eglisau','ZH',8193,218),(1042,'Egliswil','AG',5704,218),(1043,'Egnach','TG',9322,218),(1044,'Egolzwil','LU',6243,218),(1045,'Ehrendingen','AG',5420,218),(1046,'Eich','LU',6205,218),(1047,'Eichberg','SG',9453,218),(1048,'Eigenthal','LU',6013,218),(1049,'Eigergletscher','BE',3823,218),(1050,'Eiken','AG',5074,218),(1051,'Einigen','BE',3646,218),(1052,'Einsiedeln','SZ',8840,218),(1053,'Eischoll','VS',3943,218),(1054,'Eison (St.Martin)','VS',1969,218),(1055,'Eisten','VS',3922,218),(1056,'Elfingen','AG',5077,218),(1057,'Elgg','ZH',8353,218),(1058,'Ellighausen','TG',8566,218),(1059,'Ellikon am Rhein','ZH',8464,218),(1060,'Ellikon an der Thur','ZH',8548,218),(1061,'Elm','GL',8767,218),(1062,'Elsau','ZH',8352,218),(1063,'Embd','VS',3926,218),(1064,'Embrach','ZH',8424,218),(1065,'Emdthal','BE',3711,218),(1066,'Emmen','LU',6032,218),(1067,'Emmenbrcke','LU',6020,218),(1068,'Emmenmatt','BE',3543,218),(1069,'Emmetten','NW',6376,218),(1070,'Endingen','AG',5304,218),(1071,'Engelberg','OW',6390,218),(1072,'Engelburg','SG',9032,218),(1073,'Enges','NE',2073,218),(1074,'Enggistein','BE',3077,218),(1075,'Engi','GL',8765,218),(1076,'Engishofen','TG',8586,218),(1077,'Englisberg','BE',3086,218),(1078,'Engollon','NE',2063,218),(1079,'Engwang','TG',8556,218),(1080,'Engwilen','TG',8564,218),(1081,'Ennenda','GL',8755,218),(1082,'Ennetaach','TG',8586,218),(1083,'Ennetbaden','AG',5408,218),(1084,'Ennetbhl','SG',9651,218),(1085,'Ennetbrgen','NW',6373,218),(1086,'Ennetmoos','NW',6372,218),(1087,'Enney','FR',1667,218),(1088,'Entlebuch','LU',6162,218),(1089,'Epagny','FR',1663,218),(1090,'Epalinges','VD',1066,218),(1091,'Epautheyres','VD',1417,218),(1092,'Epauvillers','JU',2885,218),(1093,'Ependes FR','FR',1731,218),(1094,'Ependes VD','VD',1434,218),(1095,'Epesses','VD',1098,218),(1096,'Epiquerez','JU',2886,218),(1097,'Eppenberg','SO',5012,218),(1098,'Epsach','BE',3272,218),(1099,'Eptingen','BL',4458,218),(1100,'Erde','VS',1976,218),(1101,'Ergisch','VS',3947,218),(1102,'Eriswil','BE',4952,218),(1103,'Eriz','BE',3619,218),(1104,'Erlach','BE',3235,218),(1105,'Erlen','TG',8586,218),(1106,'Erlenbach ZH','ZH',8703,218),(1107,'Erlenbach im Simmental','BE',3762,218),(1108,'Erlinsbach','AG',5018,218),(1109,'Erlinsbach SO','SO',5015,218),(1110,'Ermatingen','TG',8272,218),(1111,'Ermensee','LU',6294,218),(1112,'Ermenswil','SG',8734,218),(1113,'Ernen','VS',3995,218),(1114,'Ernetschwil','SG',8725,218),(1115,'Erschmatt','VS',3957,218),(1116,'Erschwil','SO',4228,218),(1117,'Ersigen','BE',3423,218),(1118,'Erstfeld','UR',6472,218),(1119,'Eschen','',9492,218),(1120,'Eschenbach LU','LU',6274,218),(1121,'Eschenbach SG','SG',8733,218),(1122,'Eschenz','TG',8264,218),(1123,'Eschert','BE',2743,218),(1124,'Eschikofen','TG',8553,218),(1125,'Eschlikon TG','TG',8360,218),(1126,'Escholzmatt','LU',6182,218),(1127,'Esmonts','FR',1670,218),(1128,'Essert FR','FR',1724,218),(1129,'Essert-Pittet','VD',1435,218),(1130,'Essert-sous-Champvent','VD',1443,218),(1131,'Essertes','VD',1078,218),(1132,'Essertines-sur-Rolle','VD',1186,218),(1133,'Essertines-sur-Yverdon','VD',1417,218),(1134,'Esslingen','ZH',8133,218),(1135,'Estavannens','FR',1665,218),(1136,'Estavayer-le-Gibloux','FR',1695,218),(1137,'Estavayer-le-Lac','FR',1470,218),(1138,'Estvenens','FR',1687,218),(1139,'Etagnires','VD',1037,218),(1140,'Etoy','VD',1163,218),(1141,'Ettenhausen TG','TG',8356,218),(1142,'Ettingen','BL',4107,218),(1143,'Ettiswil','LU',6218,218),(1144,'Etzelkofen','BE',3306,218),(1145,'Etzgen','AG',5275,218),(1146,'Etziken','SO',4554,218),(1147,'Etzwilen','TG',8259,218),(1148,'Euseigne','VS',1982,218),(1149,'Euthal','SZ',8844,218),(1150,'Evilard','BE',2533,218),(1151,'Evionnaz','VS',1902,218),(1152,'Evolne','VS',1983,218),(1153,'Eyholz','VS',3930,218),(1154,'Eysins','VD',1262,218),(1155,'Fahrni b. Thun','BE',3617,218),(1156,'Fahrwangen','AG',5615,218),(1157,'Fahrweid','ZH',8951,218),(1158,'Fahy','JU',2916,218),(1159,'Faido','TI',6760,218),(1160,'Fajauna','GR',7226,218),(1161,'Falera','GR',7153,218),(1162,'Fanas','GR',7215,218),(1163,'Fankhaus (Trub)','BE',3557,218),(1164,'Faoug','VD',1595,218),(1165,'Farden','GR',7433,218),(1166,'Farnern','BE',4539,218),(1167,'Farvagny','FR',1726,218),(1168,'Farvagny-le-Petit','FR',1726,218),(1169,'Faulensee','BE',3705,218),(1170,'Fehraltorf','ZH',8320,218),(1171,'Fehren','SO',4232,218),(1172,'Felben-Wellhausen','TG',8552,218),(1173,'Feldbach','ZH',8714,218),(1174,'Feldbrunnen','SO',4532,218),(1175,'Feldis/Veulden','GR',7404,218),(1176,'Felsberg','GR',7012,218),(1177,'Felsenau AG','AG',5316,218),(1178,'Fenalet-sur-Bex','VD',1880,218),(1179,'Fenil-sur-Corsier','VD',1809,218),(1180,'Fenin','NE',2063,218),(1181,'Fenkrieden','AG',5645,218),(1182,'Ferden','VS',3916,218),(1183,'Ferenbalm','BE',3206,218),(1184,'Ferlens VD','VD',1076,218),(1185,'Ferpicloz','FR',1724,218),(1186,'Ferreyres','VD',1313,218),(1187,'Fescoggia','TI',6938,218),(1188,'Feuerthalen','ZH',8245,218),(1189,'Feusisberg','SZ',8835,218),(1190,'Feutersoey','BE',3784,218),(1191,'Fex','GR',7514,218),(1192,'Fey','VD',1044,218),(1193,'Fey (Nendaz)','VS',1996,218),(1194,'Fiaugres','FR',1609,218),(1195,'Fiaugres','FR',1609,218),(1196,'Fidaz','GR',7019,218),(1197,'Fideris','GR',7235,218),(1198,'Fiesch','VS',3984,218),(1199,'Fiesch','VS',3984,218),(1200,'Fieschertal','VS',3984,218),(1201,'Fiez','VD',1420,218),(1202,'Figino','TI',6918,218),(1203,'Filet','VS',3983,218),(1204,'Filisur','GR',7477,218),(1205,'Filzbach','GL',8757,218),(1206,'Finhaut','VS',1925,218),(1207,'Finsterhennen','BE',2577,218),(1208,'Finstersee','ZG',6313,218),(1209,'Finsterwald b. Entlebuch','LU',6162,218),(1210,'Fionnay','VS',1948,218),(1211,'Fischbach LU','LU',6145,218),(1212,'Fischbach-Gslikon','AG',5525,218),(1213,'Fischenthal','ZH',8497,218),(1214,'Fischingen','TG',8376,218),(1215,'Fisibach','AG',5467,218),(1216,'Fislisbach','AG',5442,218),(1217,'Flaach','ZH',8416,218),(1218,'Flamatt','FR',3175,218),(1219,'Flanthey','VS',3978,218),(1220,'Flawil','SG',9230,218),(1221,'Flendruz','VD',1659,218),(1222,'Flerden','GR',7426,218),(1223,'Flerden','GR',7426,218),(1224,'Fleurier','NE',2114,218),(1225,'Flims Dorf','GR',7017,218),(1226,'Flims Waldhaus','GR',7018,218),(1227,'Flond','GR',7137,218),(1228,'Flumenthal','SO',4534,218),(1229,'Flums','SG',8890,218),(1230,'Flums Hochwiese','SG',8893,218),(1231,'Flumserberg Bergheim','SG',8896,218),(1232,'Flumserberg Portels','SG',8895,218),(1233,'Flumserberg Saxli','SG',8894,218),(1234,'Flumserberg Tannenbodenalp','SG',8898,218),(1235,'Flumserberg Tannenheim','SG',8897,218),(1236,'Flurlingen','ZH',8247,218),(1237,'Flsch','GR',7306,218),(1238,'Flelen','UR',6454,218),(1239,'Fleli-Ranft','OW',6073,218),(1240,'Flh','SO',4112,218),(1241,'Flhli LU','LU',6173,218),(1242,'Font','FR',1473,218),(1243,'Fontaine Dessous (Liddes)','VS',1945,218),(1244,'Fontaine Dessus (Liddes)','VS',1945,218),(1245,'Fontainemelon','NE',2052,218),(1246,'Fontaines NE','NE',2046,218),(1247,'Fontaines-sur-Grandson','VD',1421,218),(1248,'Fontanezier','VD',1423,218),(1249,'Fontannen b. Wolhusen','LU',6110,218),(1250,'Fontenais','JU',2902,218),(1251,'Fontnas','SG',9476,218),(1252,'Forch','ZH',8127,218),(1253,'Forel (Lavaux)','VD',1072,218),(1254,'Forel FR','FR',1475,218),(1255,'Forel-sur-Lucens','VD',1526,218),(1256,'Formangueires','FR',1782,218),(1257,'Fornet-Dessous','BE',2717,218),(1258,'Fornet-Dessus','JU',2718,218),(1259,'Fornex (Liddes)','VS',1945,218),(1260,'Forst b. Lngenbhl','BE',3636,218),(1261,'Fortunau (Ayent)','VS',1966,218),(1262,'Founex','VD',1297,218),(1263,'Frasco','TI',6636,218),(1264,'Frasnacht','TG',9320,218),(1265,'Frasses','FR',1483,218),(1266,'Fraubrunnen','BE',3312,218),(1267,'Frauenfeld','TG',8500,218),(1268,'Frauenkappelen','BE',3202,218),(1269,'Fregicourt','JU',2953,218),(1270,'Freidorf TG','TG',9306,218),(1271,'Freienbach','SZ',8807,218),(1272,'Freienstein','ZH',8427,218),(1273,'Freienwil','AG',5423,218),(1274,'Freimettigen','BE',3510,218),(1275,'Frenires-sur-Bex','VD',1880,218),(1276,'Frenkendorf','BL',4402,218),(1277,'Fresens','NE',2027,218),(1278,'Fretereules','NE',2149,218),(1279,'Freudwil','ZH',8615,218),(1280,'Fribourg','FR',1700,218),(1281,'Frick','AG',5070,218),(1282,'Frieswil','BE',3035,218),(1283,'Friltschen','TG',9504,218),(1284,'Frinvillier','BE',2535,218),(1285,'Froideville','VD',1055,218),(1286,'Fruthwilen','TG',8269,218),(1287,'Frutigen','BE',3714,218),(1288,'Frschels','FR',3284,218),(1289,'Frmsen','SG',9467,218),(1290,'Ftan','GR',7551,218),(1291,'Fuldera','GR',7533,218),(1292,'Fulenbach','SO',4629,218),(1293,'Full-Reuenthal','AG',5324,218),(1294,'Fully','VS',1926,218),(1295,'Furna','GR',7232,218),(1296,'Fusio','TI',6696,218),(1297,'Fllanden','ZH',8117,218),(1298,'Fchy','VD',1173,218),(1299,'Ftigny','FR',1532,218),(1300,'Fllinsdorf','BL',4414,218),(1301,'Frigen','NW',6363,218),(1302,'Frstenau','GR',7414,218),(1303,'Frstenaubruck','GR',7413,218),(1304,'Gabi (Simplon)','VS',3907,218),(1305,'Gachnang','TG',8547,218),(1306,'Gadensttt','GR',7244,218),(1307,'Gadmen','BE',3863,218),(1308,'Gais','AR',9056,218),(1309,'Galgenen','SZ',8854,218),(1310,'Galmiz','FR',3285,218),(1311,'Gals','BE',3238,218),(1312,'Gammen','BE',3206,218),(1313,'Gampel','VS',3945,218),(1314,'Gampelen','BE',3236,218),(1315,'Gamprin-Bendern','',9487,218),(1316,'Gams','SG',9473,218),(1317,'Gamsen','VS',3900,218),(1318,'Gandria','TI',6978,218),(1319,'Gansingen','AG',5272,218),(1320,'Ganterschwil','SG',9608,218),(1321,'Gasel','BE',3144,218),(1322,'Gattikon','ZH',8136,218),(1323,'Gebenstorf','AG',5412,218),(1324,'Gebertingen','SG',8725,218),(1325,'Geiss','LU',6123,218),(1326,'Gelfingen','LU',6284,218),(1327,'Gelterfingen','BE',3126,218),(1328,'Gelterkinden','BL',4460,218),(1329,'Geltwil','AG',5637,218),(1330,'Gempen','SO',4145,218),(1331,'Gempenach','FR',3215,218),(1332,'Genestrerio','TI',6852,218),(1333,'Genolier','VD',1272,218),(1334,'Genthod','GE',1294,218),(1335,'Gentilino','TI',6925,218),(1336,'Genve','GE',1209,218),(1337,'Genve','GE',1204,218),(1338,'Genve','GE',1203,218),(1339,'Genve','GE',1206,218),(1340,'Genve','GE',1205,218),(1341,'Genve','GE',1208,218),(1342,'Genve','GE',1201,218),(1343,'Genve','GE',1202,218),(1344,'Genve','GE',1207,218),(1345,'Genve','GE',1215,218),(1346,'Gerlafingen','SO',4563,218),(1347,'Gerlikon','TG',8500,218),(1348,'Geroldswil','ZH',8954,218),(1349,'Gerolfingen','BE',2575,218),(1350,'Gerra (Gambarogno)','TI',6576,218),(1351,'Gerra (Verzasca)','TI',6635,218),(1352,'Gersau','SZ',6442,218),(1353,'Gerzensee','BE',3115,218),(1354,'Geschinen','VS',3985,218),(1355,'Gettnau','LU',6142,218),(1356,'Geuensee','LU',6232,218),(1357,'Ghirone','TI',6720,218),(1358,'Gibswil','ZH',8498,218),(1359,'Giebenach','BL',4304,218),(1360,'Giez','VD',1429,218),(1361,'Giffers','FR',1735,218),(1362,'Gillarens','FR',1673,218),(1363,'Gilly','VD',1182,218),(1364,'Gimel','VD',1188,218),(1365,'Gimmelwald','BE',3826,218),(1366,'Gingins','VD',1276,218),(1367,'Giornico','TI',6745,218),(1368,'Gipf-Oberfrick','AG',5073,218),(1369,'Gisikon','LU',6038,218),(1370,'Giswil','OW',6074,218),(1371,'Giubiasco','TI',6512,218),(1372,'Giumaglio','TI',6678,218),(1373,'Givisiez','FR',1762,218),(1374,'Givrins','VD',1271,218),(1375,'Gland','VD',1196,218),(1376,'Glarus','GL',8750,218),(1377,'Glashtten','AG',4856,218),(1378,'Glaspass','GR',7428,218),(1379,'Glattbrugg','ZH',8152,218),(1380,'Glattfelden','ZH',8192,218),(1381,'Glattpark (Opfikon)','ZH',8152,218),(1382,'Gletterens','FR',1544,218),(1383,'Glion','VD',1823,218),(1384,'Glis','VS',3902,218),(1385,'Glovelier','JU',2855,218),(1386,'Gluringen','VS',3998,218),(1387,'Gnosca','TI',6525,218),(1388,'Gockhausen','ZH',8044,218),(1389,'Gohl','BE',3553,218),(1390,'Golaten','BE',3207,218),(1391,'Goldach','SG',9403,218),(1392,'Goldau','SZ',6410,218),(1393,'Goldingen','SG',8638,218),(1394,'Goldiwil (Thun)','BE',3624,218),(1395,'Goldswil b. Interlaken','BE',3805,218),(1396,'Golino','TI',6656,218),(1397,'Gollion','VD',1124,218),(1398,'Gommiswald','SG',8737,218),(1399,'Gommiswald','SG',8737,218),(1400,'Gondiswil','BE',4955,218),(1401,'Gondo','VS',3907,218),(1402,'Gonten','AI',9108,218),(1403,'Gontenbad','AI',9108,218),(1404,'Gontenschwil','AG',5728,218),(1405,'Goppenstein','VS',3917,218),(1406,'Goppisberg','VS',3983,218),(1407,'Gordevio','TI',6672,218),(1408,'Gordola','TI',6596,218),(1409,'Gorduno','TI',6518,218),(1410,'Gorgier','NE',2023,218),(1411,'Gossau SG','SG',9200,218),(1412,'Gossau ZH','ZH',8625,218),(1413,'Gossens','VD',1407,218),(1414,'Gossliwil','SO',4579,218),(1415,'Gottlieben','TG',8274,218),(1416,'Goumoens-la-Ville','VD',1376,218),(1417,'Goumoens-le-Jux','VD',1376,218),(1418,'Goumois','JU',2354,218),(1419,'Graben','BE',3376,218),(1420,'Grabs','SG',9472,218),(1421,'Grabserberg','SG',9472,218),(1422,'Grafenort','OW',6388,218),(1423,'Grafenried','BE',3308,218),(1424,'Grafstal','ZH',8310,218),(1425,'Graltshausen','TG',8572,218),(1426,'Grancia','TI',6916,218),(1427,'Grancy','VD',1117,218),(1428,'Grand-Lancy','GE',1212,218),(1429,'Grandcour','VD',1543,218),(1430,'Grandevent','VD',1421,218),(1431,'Grandfontaine','JU',2908,218),(1432,'Grandsivaz','FR',1775,218),(1433,'Grandson','VD',1422,218),(1434,'Grandval','BE',2745,218),(1435,'Grandvaux','VD',1091,218),(1436,'Grandvillard','FR',1666,218),(1437,'Granges (Veveyse)','FR',1614,218),(1438,'Granges VS','VS',3977,218),(1439,'Granges-Paccot','FR',1763,218),(1440,'Granges-de-Vesin','FR',1484,218),(1441,'Granges-prs-Marnand','VD',1523,218),(1442,'Grangettes-prs-Romont','FR',1686,218),(1443,'Granois (Savise)','VS',1965,218),(1444,'Grasswil','BE',3365,218),(1445,'Grattavache','FR',1624,218),(1446,'Gravesano','TI',6929,218),(1447,'Greich','VS',3983,218),(1448,'Greifensee','ZH',8606,218),(1449,'Grellingen','BL',4203,218),(1450,'Grenchen','SO',2540,218),(1451,'Greng','FR',3280,218),(1452,'Grengiols','VS',3993,218),(1453,'Grenilles','FR',1726,218),(1454,'Grens','VD',1274,218),(1455,'Greppen','LU',6404,218),(1456,'Gresso','TI',6611,218),(1457,'Gressy','VD',1432,218),(1458,'Gretschins','SG',9479,218),(1459,'Gretzenbach','SO',5014,218),(1460,'Grimentz','VS',3961,218),(1461,'Grimisuat','VS',1971,218),(1462,'Grindel','SO',4247,218),(1463,'Grindelwald','BE',3818,218),(1464,'Grolley','FR',1772,218),(1465,'Grono','GR',6537,218),(1466,'Gross','SZ',8841,218),(1467,'Grossaffoltern','BE',3257,218),(1468,'Grossdietwil','LU',6146,218),(1469,'Grosshchstetten','BE',3506,218),(1470,'Grosswangen','LU',6022,218),(1471,'Grub AR','AR',9035,218),(1472,'Grub SG','SG',9036,218),(1473,'Gruben','VS',3946,218),(1474,'Grugnay (Chamoson)','VS',1955,218),(1475,'Grund b. Gstaad','BE',3783,218),(1476,'Gruyres','FR',1663,218),(1477,'Gryon','VD',1882,218),(1478,'Grchen','VS',3925,218),(1479,'Grnichen','AG',5722,218),(1480,'Grslikon','ZH',8415,218),(1481,'Grne','VS',3979,218),(1482,'Grnen','BE',3455,218),(1483,'Grnenmatt','BE',3452,218),(1484,'Grningen','ZH',8627,218),(1485,'Grsch','GR',7214,218),(1486,'Grt (Gossau ZH)','ZH',8624,218),(1487,'Gstaad','BE',3780,218),(1488,'Gsteig b. Gstaad','BE',3785,218),(1489,'Gsteigwiler','BE',3814,218),(1490,'Guarda','GR',7545,218),(1491,'Gudo','TI',6515,218),(1492,'Guggisberg','BE',3158,218),(1493,'Gumefens','FR',1643,218),(1494,'Gundetswil','ZH',8543,218),(1495,'Guntalingen','ZH',8468,218),(1496,'Gunten','BE',3654,218),(1497,'Guntershausen b. Aadorf','TG',8357,218),(1498,'Guntershausen b. Berg','TG',8572,218),(1499,'Gunterswilen','TG',8564,218),(1500,'Guntmadingen','SH',8223,218),(1501,'Gunzgen','SO',4617,218),(1502,'Gunzwil','LU',6222,218),(1503,'Gurbr','BE',3208,218),(1504,'Gurmels','FR',3212,218),(1505,'Gurtnellen','UR',6482,218),(1506,'Gurzelen','BE',3663,218),(1507,'Guschelmuth','FR',1792,218),(1508,'Gutenburg','BE',4932,218),(1509,'Gutenswil','ZH',8605,218),(1510,'Guttannen','BE',3864,218),(1511,'Guttet-Feschel','VS',3956,218),(1512,'Gwatt (Thun)','BE',3645,218),(1513,'Gy','GE',1251,218),(1514,'Gysenstein','BE',3503,218),(1515,'Gchlingen','SH',8214,218),(1516,'Gchliwil','SO',4584,218),(1517,'Ghwil','SG',9534,218),(1518,'Gnsbrunnen','SO',4716,218),(1519,'Gschenen','UR',6487,218),(1520,'Gtighofen','TG',8583,218),(1521,'Gmligen','BE',3073,218),(1522,'Gmmenen','BE',3205,218),(1523,'Gndisau','ZH',8322,218),(1524,'Gndlischwand','BE',3815,218),(1525,'Gnsberg','SO',4524,218),(1526,'Gttingen','TG',8594,218),(1527,'Haag (Rheintal)','SG',9469,218),(1528,'Habkern','BE',3804,218),(1529,'Habsburg','AG',5245,218),(1530,'Hagenbuch ZH','ZH',8523,218),(1531,'Hagendorn','ZG',6332,218),(1532,'Hagenwil b. Amriswil','TG',8580,218),(1533,'Hagneck','BE',2575,218),(1534,'Halden','TG',9223,218),(1535,'Haldenstein','GR',7023,218),(1536,'Haldi b. Schattdorf','UR',6469,218),(1537,'Hallau','SH',8215,218),(1538,'Hallwil','AG',5705,218),(1539,'Halten','SO',4566,218),(1540,'Happerswil','TG',8585,218),(1541,'Harenwilen','TG',8553,218),(1542,'Hasle LU','LU',6166,218),(1543,'Hasle b. Burgdorf','BE',3415,218),(1544,'Haslen AI','AI',9054,218),(1545,'Haslen GL','GL',8773,218),(1546,'Hasliberg Goldern','BE',6085,218),(1547,'Hasliberg Hohfluh','BE',6083,218),(1548,'Hasliberg Reuti','BE',6086,218),(1549,'Hasliberg Wasserwendi','BE',6084,218),(1550,'Hattenhausen','TG',8564,218),(1551,'Hauenstein','SO',4633,218),(1552,'Hauptikon','ZH',8926,218),(1553,'Hauptwil','TG',9213,218),(1554,'Hausen AG','AG',5212,218),(1555,'Hausen am Albis','ZH',8915,218),(1556,'Haute-Nendaz','VS',1997,218),(1557,'Hauterive NE','NE',2068,218),(1558,'Hauteville','FR',1648,218),(1559,'Hedingen','ZH',8908,218),(1560,'Heerbrugg','SG',9435,218),(1561,'Hefenhausen','TG',8564,218),(1562,'Hefenhofen','TG',8580,218),(1563,'Heiden','AR',9410,218),(1564,'Heiligenschwendi','BE',3625,218),(1565,'Heiligkreuz (Mels)','SG',8888,218),(1566,'Heimberg','BE',3627,218),(1567,'Heimenhausen','BE',3373,218),(1568,'Heimenschwand','BE',3615,218),(1569,'Heimisbach','BE',3453,218),(1570,'Heimiswil','BE',3412,218),(1571,'Heinrichswil','SO',4558,218),(1572,'Heitenried','FR',1714,218),(1573,'Heldswil','TG',9216,218),(1574,'Helgisried-Rohrbach','BE',3155,218),(1575,'Hellbhl','LU',6016,218),(1576,'Hellikon','AG',4316,218),(1577,'Hellsau','BE',3429,218),(1578,'Hemberg','SG',9633,218),(1579,'Hemishofen','SH',8261,218),(1580,'Hemmental','SH',8231,218),(1581,'Hemmiken','BL',4465,218),(1582,'Henau','SG',9247,218),(1583,'Hendschiken','AG',5604,218),(1584,'Henggart','ZH',8444,218),(1585,'Hennens','FR',1681,218),(1586,'Henniez','VD',1525,218),(1587,'Herbetswil','SO',4715,218),(1588,'Herbligen','BE',3671,218),(1589,'Herbriggen','VS',3927,218),(1590,'Herdern','TG',8535,218),(1591,'Hergiswil NW','NW',6052,218),(1592,'Hergiswil b. Willisau','LU',6133,218),(1593,'Herisau','AR',9100,218),(1594,'Herlisberg','LU',6028,218),(1595,'Hermance','GE',1248,218),(1596,'Hermenches','VD',1513,218),(1597,'Hermetschwil-Staffeln','AG',5626,218),(1598,'Hermiswil','BE',3475,218),(1599,'Hermrigen','BE',3274,218),(1600,'Herrenhof','TG',8585,218),(1601,'Herrenschwanden','BE',3037,218),(1602,'Herrliberg','ZH',8704,218),(1603,'Hersberg','BL',4423,218),(1604,'Hersiwil','SO',4558,218),(1605,'Hertenstein AG','AG',5415,218),(1606,'Herznach','AG',5027,218),(1607,'Herzogenbuchsee','BE',3360,218),(1608,'Hessigkofen','SO',4577,218),(1609,'Hettenschwil','AG',5317,218),(1610,'Hettiswil b. Hindelbank','BE',3325,218),(1611,'Hettlingen','ZH',8442,218),(1612,'Hildisrieden','LU',6024,218),(1613,'Hilfikon','AG',5613,218),(1614,'Hilterfingen','BE',3652,218),(1615,'Himmelried','SO',4204,218),(1616,'Hindelbank','BE',3324,218),(1617,'Hinteregg','ZH',8132,218),(1618,'Hinterforst','SG',9452,218),(1619,'Hinterfultigen','BE',3089,218),(1620,'Hinterkappelen','BE',3032,218),(1621,'Hintermoos','LU',6260,218),(1622,'Hinterrhein','GR',7438,218),(1623,'Hinwil','ZH',8340,218),(1624,'Hirschthal','AG',5042,218),(1625,'Hirzel','ZH',8816,218),(1626,'Hittnau','ZH',8335,218),(1627,'Hitzkirch','LU',6285,218),(1628,'Hochdorf','LU',6280,218),(1629,'Hochfelden','ZH',8182,218),(1630,'Hochwald','SO',4146,218),(1631,'Hofen SH','SH',8242,218),(1632,'Hoffeld','SG',9114,218),(1633,'Hofstatt','LU',6154,218),(1634,'Hofstetten SO','SO',4114,218),(1635,'Hofstetten ZH','ZH',8354,218),(1636,'Hofstetten b. Brienz','BE',3858,218),(1637,'Hohenrain','LU',6276,218),(1638,'Hohentannen','TG',9216,218),(1639,'Hohtenn','VS',3949,218),(1640,'Holderbank AG','AG',5113,218),(1641,'Holderbank SO','SO',4718,218),(1642,'Holzhusern ZG','ZG',6343,218),(1643,'Holziken','AG',5043,218),(1644,'Homberg b. Thun','BE',3622,218),(1645,'Hombrechtikon','ZH',8634,218),(1646,'Homburg','TG',8508,218),(1647,'Honau','LU',6038,218),(1648,'Hondrich','BE',3702,218),(1649,'Horboden','BE',3755,218),(1650,'Horgen','ZH',8810,218),(1651,'Horgenberg','ZH',8815,218),(1652,'Horn','TG',9326,218),(1653,'Hornussen','AG',5075,218),(1654,'Horrenbach','BE',3623,218),(1655,'Horriwil','SO',4557,218),(1656,'Horw','LU',6048,218),(1657,'Hosenruck','TG',9515,218),(1658,'Hospental','UR',6493,218),(1659,'Hottwil','AG',5277,218),(1660,'Hubersdorf','SO',4535,218),(1661,'Hugelshofen','TG',8565,218),(1662,'Humlikon','ZH',8457,218),(1663,'Hundwil','AR',9064,218),(1664,'Hunzenschwil','AG',5502,218),(1665,'Hurden','SZ',8640,218),(1666,'Huttwil','BE',4950,218),(1667,'Humoz','VD',1884,218),(1668,'Hfelfingen','BL',4445,218),(1669,'Hgendorf','SO',4614,218),(1670,'Hggenschwil','SG',9312,218),(1671,'Hgglingen','AG',5607,218),(1672,'Hmikon','LU',6289,218),(1673,'Hmikon','LU',6289,218),(1674,'Hrkingen','SO',4624,218),(1675,'Htzingen','GL',8775,218),(1676,'Husernmoos im Emmental','BE',3463,218),(1677,'Huslenen','TG',8522,218),(1678,'Hutligen','BE',3510,218),(1679,'Hrmence','VS',1987,218),(1680,'Hchstetten','BE',3429,218),(1681,'Hfen b. Thun','BE',3631,218),(1682,'Hlstein','BL',4434,218),(1683,'Hrhausen','TG',8507,218),(1684,'Hri','ZH',8181,218),(1685,'Hnenberg','ZG',6331,218),(1686,'Hnenberg See','ZG',6333,218),(1687,'Hnibach','BE',3626,218),(1688,'Hniken','SO',4554,218),(1689,'Hnikon (Neftenbach)','ZH',8412,218),(1690,'Hntwangen','ZH',8194,218),(1691,'Hswil','LU',6152,218),(1692,'Htten','ZH',8825,218),(1693,'Httikon','ZH',8115,218),(1694,'Httlingen','TG',8553,218),(1695,'Httwilen','TG',8536,218),(1696,'Ibach','SZ',6438,218),(1697,'Ichertswil','SO',4571,218),(1698,'Icogne','VS',1977,218),(1699,'Iffwil','BE',3305,218),(1700,'Igis','GR',7206,218),(1701,'Ilanz','GR',7130,218),(1702,'Illgau','SZ',6434,218),(1703,'Illhart','TG',8556,218),(1704,'Illighausen','TG',8574,218),(1705,'Illnau','ZH',8308,218),(1706,'Im Fang','FR',1656,218),(1707,'Immensee','SZ',6405,218),(1708,'Indemini','TI',6571,218),(1709,'Inden','VS',3953,218),(1710,'Inkwil','BE',3375,218),(1711,'Innerberg','BE',3044,218),(1712,'Innereriz','BE',3619,218),(1713,'Innerferrera','GR',7445,218),(1714,'Innerferrera','GR',7445,218),(1715,'Innerthal','SZ',8858,218),(1716,'Innertkirchen','BE',3862,218),(1717,'Ins','BE',3232,218),(1718,'Insone','TI',6951,218),(1719,'Interlaken','BE',3800,218),(1720,'Interlaken','BE',3800,218),(1721,'Intragna','TI',6655,218),(1722,'Intschi','UR',6476,218),(1723,'Inwil','LU',6034,218),(1724,'Ipsach','BE',2563,218),(1725,'Iragna','TI',6707,218),(1726,'Iseltwald','BE',3807,218),(1727,'Isenfluh','BE',3822,218),(1728,'Isenthal','UR',6461,218),(1729,'Iseo','TI',6993,218),(1730,'Islikon','TG',8546,218),(1731,'Islisberg','AG',8905,218),(1732,'Isole di Brissago','TI',6614,218),(1733,'Isone','TI',6810,218),(1734,'Istighofen','TG',8575,218),(1735,'Isrables','VS',1914,218),(1736,'Itingen','BL',4452,218),(1737,'Ittenthal','AG',5083,218),(1738,'Ittigen','BE',3063,218),(1739,'Jaberg','BE',3629,218),(1740,'Jakobsbad','AI',9108,218),(1741,'Jaun','FR',1656,218),(1742,'Jegenstorf','BE',3303,218),(1743,'Jenaz','GR',7233,218),(1744,'Jenins','GR',7307,218),(1745,'Jens','BE',2565,218),(1746,'Jeuss','FR',1793,218),(1747,'Jona','SG',8645,218),(1748,'Jonen','AG',8916,218),(1749,'Jongny','VD',1805,218),(1750,'Jonschwil','SG',9243,218),(1751,'Jouxtens-Mzery','VD',1008,218),(1752,'Juf','GR',7448,218),(1753,'Jungfraujoch','VS',3801,218),(1754,'Juriens','VD',1326,218),(1755,'Jussy','GE',1254,218),(1756,'Kaiseraugst','AG',4303,218),(1757,'Kaiserstuhl AG','AG',5466,218),(1758,'Kaisten','AG',5082,218),(1759,'Kallern','AG',5625,218),(1760,'Kallnach','BE',3283,218),(1761,'Kalpetran','VS',3922,218),(1762,'Kaltacker','BE',3413,218),(1763,'Kaltbach','LU',6212,218),(1764,'Kaltbrunn','SG',8722,218),(1765,'Kaltenbach','TG',8259,218),(1766,'Kammersrohr','SO',4535,218),(1767,'Kandergrund','BE',3716,218),(1768,'Kandersteg','BE',3718,218),(1769,'Kappel SO','SO',4616,218),(1770,'Kappel am Albis','ZH',8926,218),(1771,'Kappelen','BE',3273,218),(1772,'Kastanienbaum','LU',6047,218),(1773,'Kaufdorf','BE',3126,218),(1774,'Kefikon TG','TG',8546,218),(1775,'Kefikon ZH','ZH',8543,218),(1776,'Kehrsatz','BE',3122,218),(1777,'Kehrsiten','NW',6365,218),(1778,'Kemptthal','ZH',8310,218),(1779,'Kernenried','BE',3309,218),(1780,'Kerns','OW',6064,218),(1781,'Kerzers','FR',3210,218),(1782,'Kesswil','TG',8593,218),(1783,'Kestenholz','SO',4703,218),(1784,'Kienberg','SO',4468,218),(1785,'Kiental','BE',3723,218),(1786,'Kiesen','BE',3629,218),(1787,'Kilchberg BL','BL',4496,218),(1788,'Kilchberg ZH','ZH',8802,218),(1789,'Killwangen','AG',8956,218),(1790,'Kippel','VS',3917,218),(1791,'Kirchberg BE','BE',3422,218),(1792,'Kirchberg SG','SG',9533,218),(1793,'Kirchdorf AG','AG',5416,218),(1794,'Kirchdorf BE','BE',3116,218),(1795,'Kirchenthurnen','BE',3128,218),(1796,'Kirchleerau','AG',5054,218),(1797,'Kirchlindach','BE',3038,218),(1798,'Klarsreuti','TG',8585,218),(1799,'Kleinandelfingen','ZH',8451,218),(1800,'Kleinbsingen','FR',3213,218),(1801,'Kleindietwil','BE',4936,218),(1802,'Kleindttingen','AG',5314,218),(1803,'Kleine Scheidegg','BE',3823,218),(1804,'Kleingurmels','FR',3212,218),(1805,'Kleinltzel','SO',4245,218),(1806,'Kleinwangen','LU',6277,218),(1807,'Klingnau','AG',5313,218),(1808,'Kloster Fahr','AG',8109,218),(1809,'Klosters','GR',7250,218),(1810,'Klosters Dorf','GR',7252,218),(1811,'Kloten','ZH',8302,218),(1812,'Klntal','GL',8750,218),(1813,'Knoblisbhl','SG',8881,218),(1814,'Knonau','ZH',8934,218),(1815,'Knutwil','LU',6213,218),(1816,'Koblenz','AG',5322,218),(1817,'Kollbrunn','ZH',8483,218),(1818,'Konolfingen','BE',3510,218),(1819,'Koppigen','BE',3425,218),(1820,'Kottwil','LU',6217,218),(1821,'Kradolf','TG',9214,218),(1822,'Krattigen','BE',3704,218),(1823,'Krauchthal','BE',3326,218),(1824,'Kreuzlingen','TG',8280,218),(1825,'Kriechenwil','BE',3179,218),(1826,'Kriegstetten','SO',4566,218),(1827,'Kriens','OW',6010,218),(1828,'Kriens','LU',6010,218),(1829,'Kriessern','SG',9451,218),(1830,'Krinau','SG',9622,218),(1831,'Krummenau','SG',9643,218),(1832,'Kriligen','BE',3315,218),(1833,'Kulmerau','LU',6234,218),(1834,'Kyburg','ZH',8314,218),(1835,'Kyburg-Buchegg','SO',4586,218),(1836,'Kgiswil','OW',6056,218),(1837,'Knerkinden','BL',4447,218),(1838,'Klliken','AG',5742,218),(1839,'Kniz','BE',3098,218),(1840,'Kblis','GR',7240,218),(1841,'Kmmertshausen','TG',8586,218),(1842,'Knten','AG',5444,218),(1843,'Ksnacht ZH','ZH',8700,218),(1844,'Kssnacht am Rigi','SZ',6403,218),(1845,'Kttigen','AG',5024,218),(1846,'Kttigkofen','SO',4581,218),(1847,'L\'Abbaye','VD',1344,218),(1848,'L\'Abergement','VD',1355,218),(1849,'L\'Auberson','VD',1454,218),(1850,'L\'Etivaz','VD',1660,218),(1851,'L\'Isle','VD',1148,218),(1852,'La Brvine','NE',2406,218),(1853,'La Chaux (Cossonay)','VD',1308,218),(1854,'La Chaux-de-Fonds','NE',2300,218),(1855,'La Chaux-des-Breuleux','JU',2345,218),(1856,'La Chaux-du-Milieu','NE',2405,218),(1857,'La Chtagne','NE',2406,218),(1858,'La Cibourg','NE',2300,218),(1859,'La Cibourg','BE',2333,218),(1860,'La Cibourg','BE',2616,218),(1861,'La Comballaz','VD',1862,218),(1862,'La Conversion','VD',1093,218),(1863,'La Corbaz','FR',1782,218),(1864,'La Coudre','VD',1148,218),(1865,'La Croix (Lutry)','VD',1090,218),(1866,'La Croix-de-Rozon','GE',1257,218),(1867,'La Cure','VD',1265,218),(1868,'La Cte-aux-Fes','NE',2117,218),(1869,'La Ferrire','BE',2333,218),(1870,'La Forclaz VD','VD',1866,218),(1871,'La Forclaz VS','VS',1985,218),(1872,'La Fouly VS','VS',1944,218),(1873,'La Garde (Sembrancher)','VS',1933,218),(1874,'La Heutte','BE',2604,218),(1875,'La Joux FR','FR',1697,218),(1876,'La Lcherette','VD',1660,218),(1877,'La Magne','FR',1687,218),(1878,'La Muraz (Savise)','VS',1965,218),(1879,'La Neirigue','FR',1686,218),(1880,'La Neuveville','BE',2520,218),(1881,'La Place (Ayent)','VS',1966,218),(1882,'La Plaine','GE',1283,218),(1883,'La Praz','VD',1148,218),(1884,'La Punt-Chamues-ch','GR',7522,218),(1885,'La Rippe','VD',1278,218),(1886,'La Roche FR','FR',1634,218),(1887,'La Russille','VD',1356,218),(1888,'La Rsa','GR',7742,218),(1889,'La Sage','VS',1985,218),(1890,'La Sagne (Ste-Croix)','VD',1450,218),(1891,'La Sagne NE','NE',2314,218),(1892,'La Sarraz','VD',1315,218),(1893,'La Tanne','BE',2720,218),(1894,'La Tine','VD',1658,218),(1895,'La Tour VS','VS',1984,218),(1896,'La Tour-de-Peilz','VD',1814,218),(1897,'La Tour-de-Trme','FR',1635,218),(1898,'La Tzoumaz','VS',1918,218),(1899,'La Vernaz (Les Agettes)','VS',1992,218),(1900,'La Verrerie','FR',1624,218),(1901,'La Vraconnaz','VD',1454,218),(1902,'La Vue-des-Alpes','NE',2052,218),(1903,'Laax GR','GR',7031,218),(1904,'Laax GR 2','GR',7032,218),(1905,'Lachen SZ','SZ',8853,218),(1906,'Laconnex','GE',1287,218),(1907,'Ladir','GR',7155,218),(1908,'Ladir','GR',7155,218),(1909,'Lajoux JU','JU',2718,218),(1910,'Lalden','VS',3931,218),(1911,'Lamboing','BE',2516,218),(1912,'Lamone','TI',6814,218),(1913,'Lampenberg','BL',4432,218),(1914,'Lamperswil TG','TG',8556,218),(1915,'Landiswil','BE',3434,218),(1916,'Landquart','GR',7302,218),(1917,'Landschlacht','TG',8597,218),(1918,'Langenbruck','BL',4438,218),(1919,'Langendorf','SO',4513,218),(1920,'Langenthal','BE',4900,218),(1921,'Langnau am Albis','ZH',8135,218),(1922,'Langnau b. Reiden','LU',6262,218),(1923,'Langnau im Emmental','BE',3550,218),(1924,'Langrickenbach','TG',8585,218),(1925,'Langwies','GR',7057,218),(1926,'Langwiesen','ZH',8246,218),(1927,'Lanna','VS',1983,218),(1928,'Lanterswil','TG',9503,218),(1929,'Lantsch/Lenz','GR',7083,218),(1930,'Lanzenhusern','BE',3148,218),(1931,'Lanzenneunforn','TG',8506,218),(1932,'Largario','TI',6724,218),(1933,'Latsch','GR',7484,218),(1934,'Latterbach','BE',3758,218),(1935,'Lauenen b. Gstaad','BE',3782,218),(1936,'Lauerz','SZ',6424,218),(1937,'Laufen','BL',4242,218),(1938,'Laufenburg','AG',5080,218),(1939,'Laupen BE','BE',3177,218),(1940,'Laupen ZH','ZH',8637,218),(1941,'Laupersdorf','SO',4712,218),(1942,'Lauperswil','BE',3438,218),(1943,'Laura','GR',6549,218),(1944,'Lausanne','VD',1015,218),(1945,'Lausanne','VD',1006,218),(1946,'Lausanne','VD',1003,218),(1947,'Lausanne','VD',1018,218),(1948,'Lausanne','VD',1012,218),(1949,'Lausanne','VD',1007,218),(1950,'Lausanne','VD',1010,218),(1951,'Lausanne','VD',1005,218),(1952,'Lausanne','VD',1004,218),(1953,'Lausanne','VD',1011,218),(1954,'Lausanne 25','VD',1000,218),(1955,'Lausanne 26','VD',1000,218),(1956,'Lausanne 27','VD',1000,218),(1957,'Lausen','BL',4415,218),(1958,'Lauterbrunnen','BE',3822,218),(1959,'Lauwil','BL',4426,218),(1960,'Lavertezzo','TI',6633,218),(1961,'Lavey-Village','VD',1892,218),(1962,'Lavey-les-Bains','VD',1892,218),(1963,'Lavigny','VD',1175,218),(1964,'Lavin','GR',7543,218),(1965,'Lavorgo','TI',6746,218),(1966,'Lax','VS',3994,218),(1967,'Le Brassus','VD',1348,218),(1968,'Le Brouillet','NE',2406,218),(1969,'Le Bry','FR',1645,218),(1970,'Le Bmont JU','JU',2360,218),(1971,'Le Cerneux-Pquignot','NE',2414,218),(1972,'Le Cerneux-Veusil','BE',2345,218),(1973,'Le Chble VS','VS',1934,218),(1974,'Le Chteau-de-Ste-Croix','VD',1450,218),(1975,'Le Chtelard VS','VS',1925,218),(1976,'Le Chtelard-prs-Romont','FR',1689,218),(1977,'Le Crt-du-Locle','NE',2322,218),(1978,'Le Crt-prs-Semsales','FR',1611,218),(1979,'Le Fuet','BE',2712,218),(1980,'Le Grand-Saconnex','GE',1218,218),(1981,'Le Landeron','NE',2525,218),(1982,'Le Lieu','VD',1345,218),(1983,'Le Lignon','GE',1219,218),(1984,'Le Locle','',2400,218),(1985,'Le Locle','NE',2400,218),(1986,'Le Mont-Plerin','VD',1801,218),(1987,'Le Mont-sur-Lausanne','VD',1052,218),(1988,'Le Mouret','FR',1724,218),(1989,'Le Muids','VD',1273,218),(1990,'Le Noirmont','JU',2340,218),(1991,'Le Pont','VD',1342,218),(1992,'Le Prese','GR',7746,218),(1993,'Le Prdame','JU',2714,218),(1994,'Le Prvoux','NE',2400,218),(1995,'Le Pquier NE','NE',2058,218),(1996,'Le Pquier-Montbarry','FR',1661,218),(1997,'Le Sentier','VD',1347,218),(1998,'Le Solliat','VD',1347,218),(1999,'Le Schey','VD',1345,218),(2000,'Le Spey','VD',1863,218),(2001,'Le Trtien','VS',1923,218),(2002,'Le Vaud','VD',1261,218),(2003,'Leggia','GR',6556,218),(2004,'Leibstadt','AG',5325,218),(2005,'Leimbach AG','AG',5733,218),(2006,'Leimbach TG','TG',8584,218),(2007,'Leimiswil','BE',4935,218),(2008,'Leissigen','BE',3706,218),(2009,'Lenggenwil','SG',9525,218),(2010,'Lengnau AG','AG',5426,218),(2011,'Lengnau BE','BE',2543,218),(2012,'Lengwil','TG',8574,218),(2013,'Lengwil','TG',8574,218),(2014,'Lenk im Simmental','BE',3775,218),(2015,'Lens','VS',1978,218),(2016,'Lentigny','FR',1745,218),(2017,'Lenzburg','AG',5600,218),(2018,'Lenzerheide/Lai','GR',7078,218),(2019,'Leontica','TI',6716,218),(2020,'Les Acacias','GE',1227,218),(2021,'Les Agettes','VS',1992,218),(2022,'Les Avanchets','GE',1220,218),(2023,'Les Avants','VD',1833,218),(2024,'Les Bayards','NE',2127,218),(2025,'Les Bioux','VD',1346,218),(2026,'Les Bois','JU',2336,218),(2027,'Les Brenets','NE',2416,218),(2028,'Les Breuleux','JU',2345,218),(2029,'Les Charbonnires','VD',1343,218),(2030,'Les Cles','VD',1356,218),(2031,'Les Collons','VS',1988,218),(2032,'Les Crosets','VS',1873,218),(2033,'Les Cullayes','VD',1080,218),(2034,'Les Diablerets','VD',1865,218),(2035,'Les Ecasseys','FR',1697,218),(2036,'Les Ecorcheresses','BE',2748,218),(2037,'Les Emibois','JU',2338,218),(2038,'Les Enfers','JU',2363,218),(2039,'Les Evouettes','VS',1897,218),(2040,'Les Friques','FR',1566,218),(2041,'Les Geneveys-sur-Coffrane','NE',2206,218),(2042,'Les Genevez JU','JU',2714,218),(2043,'Les Giettes','VS',1871,218),(2044,'Les Granges (Salvan)','VS',1922,218),(2045,'Les Haudres','VS',1984,218),(2046,'Les Hauts-Geneveys','NE',2208,218),(2047,'Les Marcottes','VS',1923,218),(2048,'Les Mayens-de-Sion','VS',1992,218),(2049,'Les Monts-de-Corsier','VD',1808,218),(2050,'Les Monts-de-Pully','VD',1068,218),(2051,'Les Mosses','VD',1862,218),(2052,'Les Moulins','VD',1660,218),(2053,'Les Moulins VS (Liddes)','VS',1945,218),(2054,'Les Paccots','FR',1619,218),(2055,'Les Planchettes','NE',2325,218),(2056,'Les Plans-sur-Bex','VD',1880,218),(2057,'Les Pommerats','JU',2353,218),(2058,'Les Pontins','BE',2610,218),(2059,'Les Ponts-de-Martel','NE',2316,218),(2060,'Les Posses-sur-Bex','VD',1880,218),(2061,'Les Prs-d\'Orvin','BE',2534,218),(2062,'Les Rasses','VD',1452,218),(2063,'Les Reussilles','BE',2722,218),(2064,'Les Sagnettes','NE',2124,218),(2065,'Les Sciernes-d\'Albeuve','FR',1669,218),(2066,'Les Taillres','NE',2406,218),(2067,'Les Tavernes','VD',1607,218),(2068,'Les Thioleyres','VD',1607,218),(2069,'Les Valettes (Bovernier)','VS',1932,218),(2070,'Les Verrires','NE',2126,218),(2071,'Les Vieux-Prs','NE',2054,218),(2072,'Les Vrines (Chamoson)','VS',1955,218),(2073,'Lessoc','FR',1669,218),(2074,'Leuggelbach','GL',8774,218),(2075,'Leuggern','AG',5316,218),(2076,'Leuk Stadt','VS',3953,218),(2077,'Leukerbad','VS',3954,218),(2078,'Leutwil','AG',5725,218),(2079,'Leuzigen','BE',3297,218),(2080,'Levron','VS',1942,218),(2081,'Leysin','VD',1854,218),(2082,'Leytron','VS',1912,218),(2083,'Li Curt','GR',7745,218),(2084,'Libingen','SG',9614,218),(2085,'Lichtensteig','SG',9620,218),(2086,'Liddes','VS',1945,218),(2087,'Liebefeld','BE',3097,218),(2088,'Liebistorf','FR',3213,218),(2089,'Liedertswil','BL',4436,218),(2090,'Lieffrens','FR',1688,218),(2091,'Lieli LU','LU',6277,218),(2092,'Lienz','SG',9464,218),(2093,'Liesberg','BL',4253,218),(2094,'Liesberg Dorf','BL',4254,218),(2095,'Liestal','BL',4410,218),(2096,'Liez (St-Martin)','VS',1969,218),(2097,'Ligerz','BE',2514,218),(2098,'Lignerolle','VD',1357,218),(2099,'Lignires','NE',2523,218),(2100,'Ligornetto','TI',6853,218),(2101,'Limpach','BE',3317,218),(2102,'Lindau','ZH',8315,218),(2103,'Linden','BE',3673,218),(2104,'Linescio','TI',6682,218),(2105,'Linthal','GL',8783,218),(2106,'Lipperswil','TG',8564,218),(2107,'Lippoldswilen','TG',8566,218),(2108,'Littenheid','TG',9573,218),(2109,'Litzirti','GR',7058,218),(2110,'Lobsigen','BE',3268,218),(2111,'Loc','VS',3960,218),(2112,'Locarno','TI',6600,218),(2113,'Locarno','TI',6600,218),(2114,'Locarno','TI',6605,218),(2115,'Loco','TI',6661,218),(2116,'Lodano','TI',6678,218),(2117,'Lodrino','TI',6527,218),(2118,'Lohn GR','GR',7433,218),(2119,'Lohn SH','SH',8235,218),(2120,'Lohn-Ammannsegg','SO',4573,218),(2121,'Lohnstorf','BE',3127,218),(2122,'Lommis','TG',9506,218),(2123,'Lommiswil','SO',4514,218),(2124,'Lonay','VD',1027,218),(2125,'Longirod','VD',1261,218),(2126,'Lopagno','TI',6956,218),(2127,'Lopagno','TI',6956,218),(2128,'Lopagno','TI',6956,218),(2129,'Losone','TI',6616,218),(2130,'Lossy','FR',1782,218),(2131,'Lostallo','GR',6558,218),(2132,'Lostorf','SO',4654,218),(2133,'Lottigna','TI',6716,218),(2134,'Lotzwil','BE',4932,218),(2135,'Lourtier','VS',1948,218),(2136,'Lovatens','VD',1682,218),(2137,'Lovens','FR',1756,218),(2138,'Loveresse','BE',2732,218),(2139,'Luc (Ayent)','VS',1966,218),(2140,'Lucelle','JU',2807,218),(2141,'Lucens','VD',1522,218),(2142,'Luchsingen','GL',8775,218),(2143,'Ludiano','TI',6721,218),(2144,'Lufingen','ZH',8426,218),(2145,'Lugaggia','TI',6953,218),(2146,'Lugaggia','TI',6953,218),(2147,'Lugano','TI',6900,218),(2148,'Lugnez','JU',2933,218),(2149,'Lugnorre','FR',1789,218),(2150,'Luins','VD',1184,218),(2151,'Lully FR','FR',1470,218),(2152,'Lully VD','VD',1132,218),(2153,'Lumbrein','GR',7148,218),(2154,'Lumino','TI',6533,218),(2155,'Lungern','OW',6078,218),(2156,'Lupfig','AG',5242,218),(2157,'Lupsingen','BL',4419,218),(2158,'Lurtigen','FR',3215,218),(2159,'Lussery-Villars','VD',1307,218),(2160,'Lussy FR','FR',1690,218),(2161,'Lussy-sur-Morges','VD',1167,218),(2162,'Lustdorf','TG',8512,218),(2163,'Lustmhle','AR',9062,218),(2164,'Luterbach','SO',4542,218),(2165,'Luthern','LU',6156,218),(2166,'Luthern Bad','LU',6156,218),(2167,'Lutry','VD',1095,218),(2168,'Lutzenberg','AR',9426,218),(2169,'Luven','GR',7141,218),(2170,'Luzein','GR',7242,218),(2171,'Luzern','LU',6005,218),(2172,'Luzern','LU',6006,218),(2173,'Luzern','LU',6004,218),(2174,'Luzern','LU',6014,218),(2175,'Luzern','LU',6015,218),(2176,'Luzern','LU',6003,218),(2177,'Lyss','BE',3250,218),(2178,'Lyssach','BE',3421,218),(2179,'Lyssach','BE',3421,218),(2180,'Lngenbhl','BE',3636,218),(2181,'Ltti','BE',3053,218),(2182,'Lufelfingen','BL',4448,218),(2183,'Lchelles','FR',1773,218),(2184,'Lhningen','SH',8224,218),(2185,'Lmmenschwil','SG',9308,218),(2186,'L','GR',7534,218),(2187,'Lchingen','SG',9450,218),(2188,'Len','GR',7027,218),(2189,'Lscherz','BE',2576,218),(2190,'Lsslingen','SO',4574,218),(2191,'Lterkofen','SO',4571,218),(2192,'Lterswil','SO',4584,218),(2193,'Ltisburg','SG',9604,218),(2194,'Ltisburg Station','SG',9601,218),(2195,'Ltschental','BE',3816,218),(2196,'Ltzelflh-Goldbach','BE',3432,218),(2197,'Macolin','BE',2532,218),(2198,'Madetswil','ZH',8322,218),(2199,'Madiswil','BE',4934,218),(2200,'Madonna del Piano','TI',6995,218),(2201,'Madrano','TI',6780,218),(2202,'Madulain','GR',7523,218),(2203,'Madulain','GR',7523,218),(2204,'Magadino','TI',6573,218),(2205,'Magden','AG',4312,218),(2206,'Maggia','TI',6673,218),(2207,'Magliaso','TI',6983,218),(2208,'Maglio di Colla','TI',6959,218),(2209,'Magnedens','FR',1727,218),(2210,'Maienfeld','GR',7304,218),(2211,'Mairengo','TI',6763,218),(2212,'Maisprach','BL',4464,218),(2213,'Maladers','GR',7026,218),(2214,'Malans GR','GR',7208,218),(2215,'Malans SG','SG',9479,218),(2216,'Malix','GR',7074,218),(2217,'Malleray','BE',2735,218),(2218,'Maloja','GR',7516,218),(2219,'Malters','LU',6102,218),(2220,'Malvaglia','TI',6713,218),(2221,'Mamishaus','BE',3152,218),(2222,'Mammern','TG',8265,218),(2223,'Mandach','AG',5318,218),(2224,'Mannenbach-Salenstein','TG',8268,218),(2225,'Mannens','FR',1775,218),(2226,'Manno','TI',6928,218),(2227,'Maracon','VD',1613,218),(2228,'Marbach LU','LU',6196,218),(2229,'Marbach SG','SG',9437,218),(2230,'Marchissy','VD',1261,218),(2231,'Mariastein','SO',4115,218),(2232,'Marin-Epagnier','NE',2074,218),(2233,'Marly','FR',1723,218),(2234,'Marmorera','GR',7456,218),(2235,'Marnand','VD',1524,218),(2236,'Maroggia','TI',6817,218),(2237,'Marolta','TI',6723,218),(2238,'Marolta','TI',6723,218),(2239,'Marolta','TI',6723,218),(2240,'Marsens','FR',1633,218),(2241,'Marthalen','ZH',8460,218),(2242,'Martherenges','VD',1063,218),(2243,'Martigny','VS',1920,218),(2244,'Martigny-Croix','VS',1921,218),(2245,'Martina','GR',7560,218),(2246,'Martisberg','VS',3994,218),(2247,'Maschwanden','ZH',8933,218),(2248,'Mase','VS',1968,218),(2249,'Masein','GR',7425,218),(2250,'Maseltrangen','SG',8723,218),(2251,'Massagno','TI',6900,218),(2252,'Massongex','VS',1869,218),(2253,'Massonnens','FR',1692,218),(2254,'Mastrils','GR',7303,218),(2255,'Mathod','VD',1438,218),(2256,'Mathon','GR',7433,218),(2257,'Matran','FR',1753,218),(2258,'Matt','GL',8766,218),(2259,'Matten (St. Stephan)','BE',3773,218),(2260,'Matten b. Interlaken','BE',3800,218),(2261,'Mattstetten','BE',3322,218),(2262,'Mattwil','TG',8585,218),(2263,'Matzendorf','SO',4713,218),(2264,'Matzingen','TG',9548,218),(2265,'Mauborget','VD',1453,218),(2266,'Mauensee','LU',6216,218),(2267,'Maules','FR',1625,218),(2268,'Maur','ZH',8124,218),(2269,'Mauraz','VD',1148,218),(2270,'Mauren FL','',9493,218),(2271,'Mauren TG','TG',8576,218),(2272,'Mayens-de-Chamoson','VS',1911,218),(2273,'Mayens-de-la-Zour (Savise)','VS',1965,218),(2274,'Medeglia','TI',6809,218),(2275,'Medeglia','TI',6809,218),(2276,'Medels im Rheinwald','GR',7436,218),(2277,'Meggen','LU',6045,218),(2278,'Mehlsecken','LU',6260,218),(2279,'Meien','UR',6485,218),(2280,'Meienberg','AG',5643,218),(2281,'Meienried','BE',3294,218),(2282,'Meierskappel','LU',6344,218),(2283,'Meikirch','BE',3045,218),(2284,'Meilen','ZH',8706,218),(2285,'Meinier','GE',1252,218),(2286,'Meinisberg','BE',2554,218),(2287,'Meiringen','BE',3860,218),(2288,'Meisterschwanden','AG',5616,218),(2289,'Melano','TI',6818,218),(2290,'Melchnau','BE',4917,218),(2291,'Melchsee-Frutt','OW',6068,218),(2292,'Melchtal','OW',6067,218),(2293,'Melide','TI',6815,218),(2294,'Mellikon','AG',5465,218),(2295,'Mellingen','AG',5507,218),(2296,'Mels','SG',8887,218),(2297,'Meltingen','SO',4233,218),(2298,'Mendrisio','TI',6850,218),(2299,'Menzberg','LU',6125,218),(2300,'Menzengrt','ZH',8546,218),(2301,'Menziken','AG',5737,218),(2302,'Menzingen','ZG',6313,218),(2303,'Menznau','LU',6122,218),(2304,'Menzonio','TI',6692,218),(2305,'Merenschwand','AG',5634,218),(2306,'Mergoscia','TI',6647,218),(2307,'Meride','TI',6866,218),(2308,'Merishausen','SH',8232,218),(2309,'Merligen','BE',3658,218),(2310,'Merlischachen','SZ',6402,218),(2311,'Mervelier','JU',2827,218),(2312,'Merzligen','BE',3274,218),(2313,'Mesocco','GR',6563,218),(2314,'Messen','SO',3254,218),(2315,'Mettau','AG',5274,218),(2316,'Mettembert','JU',2806,218),(2317,'Mettendorf TG','TG',8553,218),(2318,'Mettlen','TG',9517,218),(2319,'Mettmenstetten','ZH',8932,218),(2320,'Metzerlen','SO',4116,218),(2321,'Mex VD','VD',1031,218),(2322,'Mex VS','VS',1890,218),(2323,'Meyriez','FR',3280,218),(2324,'Meyrin','GE',1217,218),(2325,'Mezzovico','TI',6805,218),(2326,'Mezzovico','TI',6805,218),(2327,'Middes','FR',1749,218),(2328,'Mies','VD',1295,218),(2329,'Miex','VS',1896,218),(2330,'Miglieglia','TI',6986,218),(2331,'Milken','BE',3157,218),(2332,'Minusio','TI',6648,218),(2333,'Miralago','GR',7743,218),(2334,'Mirchel','BE',3532,218),(2335,'Misery','FR',1721,218),(2336,'Mission','VS',3961,218),(2337,'Missy','VD',1565,218),(2338,'Misriez (Salins)','VS',1991,218),(2339,'Mitldi','GL',8756,218),(2340,'Mittelhusern','BE',3147,218),(2341,'Mittellunden','GR',7222,218),(2342,'Mige','VS',3972,218),(2343,'Micourt','JU',2946,218),(2344,'Mogelsberg','SG',9122,218),(2345,'Moghegno','TI',6677,218),(2346,'Moiry VD','VD',1148,218),(2347,'Molare','TI',6760,218),(2348,'Moleno','TI',6524,218),(2349,'Molinazzo di Monteggio','TI',6995,218),(2350,'Molinis','GR',7056,218),(2351,'Mollens VD','VD',1146,218),(2352,'Mollens VS','VS',3974,218),(2353,'Mollie-Margot','VD',1073,218),(2354,'Mollis','GL',8753,218),(2355,'Molondin','VD',1415,218),(2356,'Mols','SG',8885,218),(2357,'Molson-sur-Gruyres','FR',1663,218),(2358,'Mon','GR',7458,218),(2359,'Moneto','TI',6659,218),(2360,'Monible','BE',2715,218),(2361,'Monnaz','VD',1125,218),(2362,'Mont-Crosin','BE',2610,218),(2363,'Mont-Soleil','BE',2610,218),(2364,'Mont-Tramelan','BE',2723,218),(2365,'Mont-de-Buttes','NE',2116,218),(2366,'Mont-la-Ville','VD',1148,218),(2367,'Mont-sur-Rolle','VD',1185,218),(2368,'Montagne-de-Courtelary','BE',2608,218),(2369,'Montagne-de-Sonvilier','BE',2615,218),(2370,'Montagnola','TI',6926,218),(2371,'Montagnon (Leytron)','VS',1912,218),(2372,'Montagny-la-Ville','FR',1776,218),(2373,'Montagny-les-Monts','FR',1774,218),(2374,'Montagny-prs-Yverdon','VD',1442,218),(2375,'Montalchez','NE',2027,218),(2376,'Montana','VS',3963,218),(2377,'Montaubion-Chardonney','VD',1041,218),(2378,'Montavon','JU',2857,218),(2379,'Montbovon','FR',1669,218),(2380,'Montbrelloz','FR',1475,218),(2381,'Montcherand','VD',1354,218),(2382,'Monte','TI',6875,218),(2383,'Monte Carasso','TI',6513,218),(2384,'Monteiller (Savise)','VS',1965,218),(2385,'Montenol','JU',2884,218),(2386,'Montet (Broye)','FR',1483,218),(2387,'Montet (Glne)','FR',1674,218),(2388,'Montezillon','NE',2037,218),(2389,'Montfaucon','JU',2362,218),(2390,'Montfavergier','JU',2362,218),(2391,'Montherod','VD',1174,218),(2392,'Monthey','VS',1870,218),(2393,'Monthey','VS',1870,218),(2394,'Montignez','JU',2924,218),(2395,'Montlingen','SG',9462,218),(2396,'Montlingen','SG',9462,218),(2397,'Montmagny','VD',1587,218),(2398,'Montmelon','JU',2883,218),(2399,'Montmollin','NE',2037,218),(2400,'Montpreveyres','VD',1081,218),(2401,'Montreux','VD',1820,218),(2402,'Montricher','VD',1147,218),(2403,'Montsevelier','JU',2828,218),(2404,'Montvraz','FR',1724,218),(2405,'Moosleerau','AG',5054,218),(2406,'Moosseedorf','BE',3302,218),(2407,'Morbio Inferiore','TI',6834,218),(2408,'Morbio Superiore','TI',6835,218),(2409,'Morcles','VD',1892,218),(2410,'Morcote','TI',6922,218),(2411,'Morens FR','FR',1541,218),(2412,'Morgarten','ZG',6315,218),(2413,'Morges','VD',1110,218),(2414,'Morgins','VS',1875,218),(2415,'Morissen','GR',7143,218),(2416,'Morlens','FR',1674,218),(2417,'Morlon','FR',1638,218),(2418,'Morrens VD','VD',1054,218),(2419,'Morschach','SZ',6443,218),(2420,'Mosen','LU',6295,218),(2421,'Mosnang','SG',9607,218),(2422,'Mosogno','TI',6611,218),(2423,'Mossel','FR',1675,218),(2424,'Motto (Blenio)','TI',6721,218),(2425,'Moudon','VD',1510,218),(2426,'Moutier','BE',2740,218),(2427,'Movelier','JU',2812,218),(2428,'Mugena','TI',6939,218),(2429,'Muggio','TI',6838,218),(2430,'Muhen','AG',5037,218),(2431,'Mulegns','GR',7455,218),(2432,'Mumpf','AG',4322,218),(2433,'Mump Medel','GR',7183,218),(2434,'Mund','VS',3903,218),(2435,'Muntelier','FR',3286,218),(2436,'Muolen','SG',9313,218),(2437,'Muotathal','SZ',6436,218),(2438,'Mur (Vully) FR','FR',1787,218),(2439,'Mur (Vully) VD','VD',1787,218),(2440,'Muralto','TI',6600,218),(2441,'Muraz (Collombey)','VS',1893,218),(2442,'Muraz (Sierre)','VS',3960,218),(2443,'Murg','SG',8877,218),(2444,'Murgenthal','AG',4853,218),(2445,'Murgenthal','AG',4853,218),(2446,'Muri AG','AG',5630,218),(2447,'Muri b. Bern','BE',3074,218),(2448,'Muriaux','JU',2338,218),(2449,'Murist','FR',1489,218),(2450,'Murten','FR',3280,218),(2451,'Murzelen','BE',3034,218),(2452,'Mutrux','VD',1428,218),(2453,'Mutten','GR',7431,218),(2454,'Muttenz','BL',4132,218),(2455,'Muzzano','TI',6933,218),(2456,'Mdris-Vermol','SG',8886,218),(2457,'Mgenwil','AG',5506,218),(2458,'Mnnedorf','ZH',8708,218),(2459,'Mrstetten','TG',8560,218),(2460,'Mrwil','TG',9562,218),(2461,'Mnires','FR',1533,218),(2462,'Mzery-prs-Donneloye','VD',1407,218),(2463,'Mzires FR','FR',1684,218),(2464,'Mzires VD','VD',1083,218),(2465,'Mtier (Vully)','FR',1787,218),(2466,'Mtiers NE','NE',2112,218),(2467,'Mhlin','AG',4313,218),(2468,'Mnchaltorf','ZH',8617,218),(2469,'Mnthal','AG',5237,218),(2470,'Mrel','VS',3983,218),(2471,'Mrigen','BE',2572,218),(2472,'Mriken AG','AG',5103,218),(2473,'Mrschwil','SG',9402,218),(2474,'Mtschwil','BE',3324,218),(2475,'Mhlau','AG',5642,218),(2476,'Mhlebach (Goms)','VS',3995,218),(2477,'Mhlebach (Goms)','VS',3995,218),(2478,'Mhleberg','BE',3203,218),(2479,'Mhledorf BE','BE',3116,218),(2480,'Mhledorf SO','SO',4583,218),(2481,'Mhlehorn','GL',8874,218),(2482,'Mhlethal','AG',4812,218),(2483,'Mhlethurnen','BE',3127,218),(2484,'Mhlrti','SG',9613,218),(2485,'Mlchi','BE',3317,218),(2486,'Mlenen','BE',3711,218),(2487,'Mllheim Dorf','TG',8555,218),(2488,'Mllheim-Wigoltingen','TG',8554,218),(2489,'Mlligen','AG',5243,218),(2490,'Mmliswil','SO',4717,218),(2491,'Mnchenbuchsee','BE',3053,218),(2492,'Mnchenstein','BL',4142,218),(2493,'Mnchenwiler','BE',1797,218),(2494,'Mnchringen','BE',3303,218),(2495,'Mnchwilen AG','AG',4333,218),(2496,'Mnchwilen TG','TG',9542,218),(2497,'Mnsingen','BE',3110,218),(2498,'Mnster VS','VS',3985,218),(2499,'Mnsterlingen','TG',8596,218),(2500,'Mntschemier','BE',3225,218),(2501,'Mrren','BE',3825,218),(2502,'Mselbach','SG',9602,218),(2503,'Mstair','GR',7537,218),(2504,'Mswangen','LU',6289,218),(2505,'Nassen','SG',9123,218),(2506,'Nassenwil','ZH',8155,218),(2507,'Naters','VS',3904,218),(2508,'Nax','VS',1973,218),(2509,'Naz','VD',1041,218),(2510,'Nebikon','LU',6244,218),(2511,'Necker','SG',9126,218),(2512,'Neerach','ZH',8173,218),(2513,'Neftenbach','ZH',8413,218),(2514,'Neggio','TI',6991,218),(2515,'Neirivue','FR',1669,218),(2516,'Nendeln','',9485,218),(2517,'Nennigkofen','SO',4574,218),(2518,'Nenzlingen','BL',4224,218),(2519,'Neschwil','ZH',8484,218),(2520,'Nesselnbach','AG',5524,218),(2521,'Nesslau','SG',9650,218),(2522,'Netstal','GL',8754,218),(2523,'Neu St. Johann','SG',9652,218),(2524,'Neuchtel','NE',2000,218),(2525,'Neudorf','LU',6025,218),(2526,'Neuendorf','SO',4623,218),(2527,'Neuenegg','BE',3176,218),(2528,'Neuenhof','AG',5432,218),(2529,'Neuenkirch','LU',6206,218),(2530,'Neuhaus SG','SG',8732,218),(2531,'Neuhausen am Rheinfall','SH',8212,218),(2532,'Neuheim','ZG',6345,218),(2533,'Neukirch (Egnach)','TG',9315,218),(2534,'Neukirch an der Thur','TG',9217,218),(2535,'Neunkirch','SH',8213,218),(2536,'Neuwilen','TG',8566,218),(2537,'Neyruz FR','FR',1740,218),(2538,'Neyruz-sur-Moudon','VD',1515,218),(2539,'Nidau','BE',2560,218),(2540,'Nidfurn','GL',8772,218),(2541,'Niederbipp','BE',4704,218),(2542,'Niederbuchsiten','SO',4626,218),(2543,'Niederbren','SG',9246,218),(2544,'Niederdorf','BL',4435,218),(2545,'Niedergampel','VS',3945,218),(2546,'Niedergesteln','VS',3942,218),(2547,'Niederglatt SG','SG',9240,218),(2548,'Niederglatt ZH','ZH',8172,218),(2549,'Niedergsgen','SO',5013,218),(2550,'Niederhasli','ZH',8155,218),(2551,'Niederhelfenschwil','SG',9527,218),(2552,'Niederhnigen','BE',3504,218),(2553,'Niederlenz','AG',5702,218),(2554,'Niedermuhlern','BE',3087,218),(2555,'Niederneunforn','TG',8525,218),(2556,'Niederrickenbach','NW',6383,218),(2557,'Niederrickenbach','NW',6383,218),(2558,'Niederried b. Interlaken','BE',3853,218),(2559,'Niederried b. Kallnach','BE',3283,218),(2560,'Niederrohrdorf','AG',5443,218),(2561,'Niederscherli','BE',3145,218),(2562,'Niederstetten','SG',9249,218),(2563,'Niederstocken','BE',3632,218),(2564,'Niederteufen','AR',9052,218),(2565,'Niederurnen','GL',8867,218),(2566,'Niederuzwil','SG',9244,218),(2567,'Niederwald','VS',3989,218),(2568,'Niederwangen b. Bern','BE',3172,218),(2569,'Niederweningen','ZH',8166,218),(2570,'Niederwil AG','AG',5524,218),(2571,'Niederwil SG','SG',9203,218),(2572,'Niederwil SO','SO',4523,218),(2573,'Niedernz','BE',3362,218),(2574,'Niedersch','BE',3424,218),(2575,'Nierlet-les-Bois','FR',1772,218),(2576,'Niouc','VS',3960,218),(2577,'Niva (Vallemaggia)','TI',6683,218),(2578,'Nivo','TI',6746,218),(2579,'Nods','BE',2518,218),(2580,'Noflen BE','BE',3116,218),(2581,'Nohl','ZH',8212,218),(2582,'Noiraigue','NE',2103,218),(2583,'Noraz','FR',1757,218),(2584,'Nottwil','LU',6207,218),(2585,'Novaggio','TI',6986,218),(2586,'Novalles','VD',1431,218),(2587,'Novazzano','TI',6883,218),(2588,'Noville','VD',1845,218),(2589,'Nos','VS',3976,218),(2590,'Nufenen','GR',7437,218),(2591,'Nuglar','SO',4412,218),(2592,'Nunningen','SO',4208,218),(2593,'Nussbaumen AG','AG',5415,218),(2594,'Nussbaumen TG','TG',8537,218),(2595,'Nusshof','BL',4453,218),(2596,'Nuvilly','FR',1485,218),(2597,'Nyon','VD',1260,218),(2598,'Nfels','GL',8752,218),(2599,'Nnikon','ZH',8606,218),(2600,'Nmiaz (Chamoson)','VS',1955,218),(2601,'Nrensdorf','ZH',8309,218),(2602,'Obbrgen','NW',6363,218),(2603,'Oberaach','TG',8587,218),(2604,'Oberarth','SZ',6414,218),(2605,'Oberbalm','BE',3096,218),(2606,'Oberbalmberg','SO',4524,218),(2607,'Oberbipp','BE',4538,218),(2608,'Oberbuchsiten','SO',4625,218),(2609,'Oberburg','BE',3414,218),(2610,'Oberbussnang','TG',9565,218),(2611,'Oberbren','SG',9245,218),(2612,'Oberbtschel','BE',3088,218),(2613,'Oberdiessbach','BE',3672,218),(2614,'Oberdorf BL','BL',4436,218),(2615,'Oberdorf NW','NW',6370,218),(2616,'Oberdorf SO','SO',4515,218),(2617,'Oberegg','AI',9413,218),(2618,'Oberegg','AI',9413,218),(2619,'Oberembrach','ZH',8425,218),(2620,'Oberems','VS',3948,218),(2621,'Oberengstringen','ZH',8102,218),(2622,'Oberentfelden','AG',5036,218),(2623,'Oberflachs','AG',5108,218),(2624,'Oberfrittenbach','BE',3551,218),(2625,'Obergerlafingen','SO',4564,218),(2626,'Obergesteln','VS',3988,218),(2627,'Oberglatt ZH','ZH',8154,218),(2628,'Obergoldbach','BE',3434,218),(2629,'Obergsgen','SO',4653,218),(2630,'Oberhallau','SH',8216,218),(2631,'Oberhasli','ZH',8156,218),(2632,'Oberhelfenschwil','SG',9621,218),(2633,'Oberhof','AG',5062,218),(2634,'Oberhofen AG','AG',5273,218),(2635,'Oberhofen TG','TG',8574,218),(2636,'Oberhofen am Thunersee','BE',3653,218),(2637,'Oberhnigen','BE',3504,218),(2638,'Oberiberg','SZ',8843,218),(2639,'Oberkirch LU','LU',6208,218),(2640,'Oberkulm','AG',5727,218),(2641,'Oberlunkhofen','AG',8917,218),(2642,'Obermumpf','AG',4324,218),(2643,'Obermutten','GR',7431,218),(2644,'Obernau','LU',6012,218),(2645,'Oberneunforn','TG',8526,218),(2646,'Oberramsern','SO',4588,218),(2647,'Oberrickenbach','NW',6387,218),(2648,'Oberried FR','FR',1724,218),(2649,'Oberried am Brienzersee','BE',3854,218),(2650,'Oberrieden','ZH',8942,218),(2651,'Oberriet SG','SG',9463,218),(2652,'Oberrindal','SG',9604,218),(2653,'Oberrohrdorf','AG',5452,218),(2654,'Oberrti','AG',5647,218),(2655,'Obersaxen Affeier','GR',7133,218),(2656,'Obersaxen Friggahs','GR',7136,218),(2657,'Obersaxen Giraniga','GR',7135,218),(2658,'Obersaxen Meierhof','GR',7134,218),(2659,'Oberschan','SG',9479,218),(2660,'Oberschrot','FR',1716,218),(2661,'Oberstammheim','ZH',8477,218),(2662,'Obersteckholz','BE',4924,218),(2663,'Oberstetten','SG',9249,218),(2664,'Oberstocken','BE',3632,218),(2665,'Oberterzen','SG',8884,218),(2666,'Oberthal','BE',3531,218),(2667,'Oberurnen','GL',8868,218),(2668,'Oberuzwil','SG',9242,218),(2669,'Oberwald','VS',3999,218),(2670,'Oberwangen TG','TG',8374,218),(2671,'Oberwangen b. Bern','BE',3173,218),(2672,'Oberweningen','ZH',8165,218),(2673,'Oberwil (Dgerlen)','ZH',8471,218),(2674,'Oberwil BL','BL',4104,218),(2675,'Oberwil b. Bren','BE',3298,218),(2676,'Oberwil b. Zug','ZG',6317,218),(2677,'Oberwil im Simmental','BE',3765,218),(2678,'Oberwil-Lieli','AG',8966,218),(2679,'Obergeri','ZG',6315,218),(2680,'Obernz','BE',3363,218),(2681,'Obersch','BE',3424,218),(2682,'Obfelden','ZH',8912,218),(2683,'Obstalden','GL',8758,218),(2684,'Ochlenberg','BE',3367,218),(2685,'Ocourt','JU',2889,218),(2686,'Odogno','TI',6951,218),(2687,'Oekingen','SO',4566,218),(2688,'Oensingen','SO',4702,218),(2689,'Oerlingen','ZH',8461,218),(2690,'Oeschenbach','BE',4943,218),(2691,'Oeschgen','AG',5072,218),(2692,'Oeschseite','BE',3776,218),(2693,'Oetwil am See','ZH',8618,218),(2694,'Oetwil an der Limmat','ZH',8955,218),(2695,'Oey','BE',3753,218),(2696,'Oftringen','AG',4665,218),(2697,'Ogens','VD',1045,218),(2698,'Oggio','TI',6955,218),(2699,'Oggio','TI',6955,218),(2700,'Ohmstal','LU',6143,218),(2701,'Oleyres','VD',1580,218),(2702,'Olivone','TI',6718,218),(2703,'Ollon VD','VD',1867,218),(2704,'Ollon VS','VS',3971,218),(2705,'Olsberg','AG',4305,218),(2706,'Olten','SO',4600,218),(2707,'Oltingen','BL',4494,218),(2708,'Onex','GE',1213,218),(2709,'Onnens FR','FR',1756,218),(2710,'Onnens VD','VD',1425,218),(2711,'Opfershofen TG','TG',8584,218),(2712,'Opfertshofen SH','SH',8236,218),(2713,'Opfikon','ZH',8152,218),(2714,'Oppens','VD',1047,218),(2715,'Oppikon','TG',9565,218),(2716,'Oppligen','BE',3629,218),(2717,'Orbe','VD',1350,218),(2718,'Orges','VD',1430,218),(2719,'Orient','VD',1341,218),(2720,'Origlio','TI',6945,218),(2721,'Ormalingen','BL',4466,218),(2722,'Ormne (Savise)','VS',1965,218),(2723,'Orny','VD',1317,218),(2724,'Oron-la-Ville','VD',1610,218),(2725,'Oron-le-Chtel','VD',1608,218),(2726,'Orpund','BE',2552,218),(2727,'Orselina','TI',6644,218),(2728,'Orsires','VS',1937,218),(2729,'Orsonnens','FR',1694,218),(2730,'Ortschwaben','BE',3042,218),(2731,'Orvin','BE',2534,218),(2732,'Orzens','VD',1413,218),(2733,'Oschwand','BE',3476,218),(2734,'Osco','TI',6763,218),(2735,'Osogna','TI',6703,218),(2736,'Ospizio Bernina','GR',7710,218),(2737,'Ossingen','ZH',8475,218),(2738,'Osterfingen','SH',8218,218),(2739,'Ostermundigen','BE',3072,218),(2740,'Otelfingen','ZH',8112,218),(2741,'Othmarsingen','AG',5504,218),(2742,'Ottenbach','ZH',8913,218),(2743,'Ottikon (Gossau ZH)','ZH',8626,218),(2744,'Ottikon b. Kemptthal','ZH',8307,218),(2745,'Ottoberg','TG',8561,218),(2746,'Oulens-sous-Echallens','VD',1377,218),(2747,'Oulens-sur-Lucens','VD',1522,218),(2748,'Ovronnaz','VS',1911,218),(2749,'Pagig','GR',7028,218),(2750,'Pailly','VD',1416,218),(2751,'Palagnedra','TI',6657,218),(2752,'Palasuit (Liddes)','VS',1945,218),(2753,'Palzieux','VD',1607,218),(2754,'Palzieux-Village','VD',1607,218),(2755,'Pambio-Noranco','TI',6915,218),(2756,'Pampigny','VD',1142,218),(2757,'Panex','VD',1867,218),(2758,'Pany','GR',7243,218),(2759,'Paradiso','TI',6900,218),(2760,'Parpan','GR',7076,218),(2761,'Parsonz','GR',7464,218),(2762,'Paspels','GR',7417,218),(2763,'Passugg','GR',7062,218),(2764,'Paudex','VD',1094,218),(2765,'Payerne','VD',1530,218),(2766,'Pazzallo','TI',6912,218),(2767,'Peccia','TI',6695,218),(2768,'Pedrinate','TI',6832,218),(2769,'Peiden','GR',7110,218),(2770,'Peist','GR',7029,218),(2771,'Peney-le-Jorat','VD',1059,218),(2772,'Pensier','FR',1783,218),(2773,'Penthalaz','VD',1305,218),(2774,'Penthaz','VD',1303,218),(2775,'Penthraz','VD',1375,218),(2776,'Perlen','LU',6035,218),(2777,'Perly','GE',1258,218),(2778,'Perrefitte','BE',2742,218),(2779,'Perroy','VD',1166,218),(2780,'Personico','TI',6744,218),(2781,'Peseux','NE',2034,218),(2782,'Petit Vichres (Liddes)','VS',1945,218),(2783,'Petit-Lancy','GE',1213,218),(2784,'Petit-Martel','NE',2316,218),(2785,'Peyres-Possens','VD',1063,218),(2786,'Pfaffhausen','ZH',8118,218),(2787,'Pfaffnau','LU',6264,218),(2788,'Pfeffikon LU','LU',5735,218),(2789,'Pfeffingen','BL',4148,218),(2790,'Pfungen','ZH',8422,218),(2791,'Pfyn','TG',8505,218),(2792,'Pffers','SG',7312,218),(2793,'Pffers','SG',7312,218),(2794,'Pfffikon SZ','SZ',8808,218),(2795,'Pfffikon ZH','ZH',8330,218),(2796,'Piandera Paese','TI',6959,218),(2797,'Piandera Paese','TI',6959,218),(2798,'Pianezzo','TI',6582,218),(2799,'Piano di Peccia','TI',6695,218),(2800,'Piazzogna','TI',6579,218),(2801,'Pierrafortscha','FR',1723,218),(2802,'Pieterlen','BE',2542,218),(2803,'Pignia','GR',7443,218),(2804,'Pigniu','GR',7156,218),(2805,'Piotta','TI',6776,218),(2806,'Pitasch','GR',7111,218),(2807,'Pizy','VD',1174,218),(2808,'Plaffeien','FR',1716,218),(2809,'Plagne','BE',2536,218),(2810,'Plan-les-Ouates','GE',1228,218),(2811,'Planken','',9498,218),(2812,'Plasselb','FR',1737,218),(2813,'Platta','GR',7185,218),(2814,'Plaun da Lej','GR',7517,218),(2815,'Pleigne','JU',2807,218),(2816,'Pleujouse','JU',2953,218),(2817,'Plons','SG',8889,218),(2818,'Pohlern','BE',3638,218),(2819,'Poliez-Pittet','VD',1041,218),(2820,'Poliez-le-Grand','VD',1041,218),(2821,'Pollegio','TI',6742,218),(2822,'Pompaples','VD',1318,218),(2823,'Pomy','VD',1405,218),(2824,'Pont (Veveyse)','FR',1699,218),(2825,'Pont-de-la-Morge (Sion)','VS',1962,218),(2826,'Pont-la-Ville','FR',1649,218),(2827,'Ponte Capriasca','TI',6946,218),(2828,'Ponte Capriasca','TI',6946,218),(2829,'Ponte Cremenaga','TI',6996,218),(2830,'Ponte Tresa','TI',6988,218),(2831,'Pontenet','BE',2733,218),(2832,'Ponthaux','FR',1772,218),(2833,'Ponto Valentino','TI',6724,218),(2834,'Pontresina','GR',7504,218),(2835,'Porrentruy','JU',2900,218),(2836,'Porsel','FR',1699,218),(2837,'Porsel','FR',1699,218),(2838,'Port','BE',2562,218),(2839,'Portalban','FR',1568,218),(2840,'Portein','GR',7423,218),(2841,'Porto Ronco','TI',6613,218),(2842,'Porza','TI',6948,218),(2843,'Posat','FR',1726,218),(2844,'Poschiavo','GR',7742,218),(2845,'Posieux','FR',1725,218),(2846,'Praden','GR',7063,218),(2847,'Pragg-Jenaz','GR',7231,218),(2848,'Prahins','VD',1408,218),(2849,'Prangins','VD',1197,218),(2850,'Praratoud','FR',1528,218),(2851,'Prato (Leventina)','TI',6773,218),(2852,'Prato-Sornico','TI',6694,218),(2853,'Pratteln','BL',4133,218),(2854,'Pratval','GR',7415,218),(2855,'Pravidondaz (Salins)','VS',1991,218),(2856,'Praz (Vully)','FR',1788,218),(2857,'Praz-de-Fort','VS',1943,218),(2858,'Preda','GR',7482,218),(2859,'Pregassona','TI',6963,218),(2860,'Premier','VD',1324,218),(2861,'Preonzo','TI',6523,218),(2862,'Presinge','GE',1243,218),(2863,'Prez-vers-Noraz','FR',1746,218),(2864,'Prez-vers-Siviriez','FR',1677,218),(2865,'Prilly','VD',1008,218),(2866,'Pringy','FR',1663,218),(2867,'Produit (Leytron)','VS',1912,218),(2868,'Progens','FR',1624,218),(2869,'Progens','FR',1624,218),(2870,'Promasens','FR',1673,218),(2871,'Promontogno','GR',7606,218),(2872,'Prosito','TI',6526,218),(2873,'Provence','VD',1428,218),(2874,'Prugiasco','TI',6723,218),(2875,'Prugiasco','TI',6723,218),(2876,'Prz','GR',7424,218),(2877,'Prverenges','VD',1028,218),(2878,'Prvondavaux','FR',1410,218),(2879,'Prvonloup','VD',1682,218),(2880,'Prles','BE',2515,218),(2881,'Pugerna','TI',6823,218),(2882,'Puidoux','VD',1070,218),(2883,'Pully','VD',1009,218),(2884,'Puplinge','GE',1241,218),(2885,'Pura','TI',6984,218),(2886,'Purasca','TI',6989,218),(2887,'Pusserein','GR',7228,218),(2888,'Putz','GR',7224,218),(2889,'Pry','BE',2603,218),(2890,'Quarten','SG',8883,218),(2891,'Quartino','TI',6572,218),(2892,'Quinten','SG',8878,218),(2893,'Quinto','TI',6777,218),(2894,'Rabius','GR',7172,218),(2895,'Radelfingen b. Aarberg','BE',3271,218),(2896,'Rafz','ZH',8197,218),(2897,'Rain','LU',6026,218),(2898,'Ramersberg','OW',6060,218),(2899,'Ramiswil','SO',4719,218),(2900,'Ramlinsburg','BL',4433,218),(2901,'Ramosch','GR',7556,218),(2902,'Ramosch','GR',7556,218),(2903,'Ramsei','BE',3435,218),(2904,'Ramsen','SH',8262,218),(2905,'Rancate','TI',6862,218),(2906,'Rances','VD',1439,218),(2907,'Randa','VS',3928,218),(2908,'Randogne','VS',3975,218),(2909,'Ranflh','BE',3439,218),(2910,'Ranzo','TI',6577,218),(2911,'Raperswilen','TG',8558,218),(2912,'Rapperswil BE','BE',3255,218),(2913,'Rapperswil SG','SG',8640,218),(2914,'Raron','VS',3942,218),(2915,'Rasa','TI',6655,218),(2916,'Ravoire','VS',1928,218),(2917,'Realp','UR',6491,218),(2918,'Realta','GR',7408,218),(2919,'Rebeuvelier','JU',2832,218),(2920,'Rebstein','SG',9445,218),(2921,'Rebvelier','BE',2717,218),(2922,'Recherswil','SO',4565,218),(2923,'Rechthalten','FR',1718,218),(2924,'Reckingen VS','VS',3998,218),(2925,'Reconvilier','BE',2732,218),(2926,'Regensberg','ZH',8158,218),(2927,'Regensdorf','ZH',8105,218),(2928,'Rehetobel','AR',9038,218),(2929,'Reichenbach im Kandertal','BE',3713,218),(2930,'Reichenburg','SZ',8864,218),(2931,'Reiden','LU',6260,218),(2932,'Reidermoos','LU',6260,218),(2933,'Reigoldswil','BL',4418,218),(2934,'Reinach AG','AG',5734,218),(2935,'Reinach BL','BL',4153,218),(2936,'Reisiswil','BE',4919,218),(2937,'Reitnau','AG',5057,218),(2938,'Rekingen AG','AG',5332,218),(2939,'Remaufens','FR',1617,218),(2940,'Remetschwil','AG',5453,218),(2941,'Remigen','AG',5236,218),(2942,'Renan BE','BE',2616,218),(2943,'Renens VD','VD',1020,218),(2944,'Rengg','LU',6162,218),(2945,'Rennaz','VD',1847,218),(2946,'Retschwil','LU',6285,218),(2947,'Reute AR','SG',9411,218),(2948,'Reute AR','AR',9411,218),(2949,'Reutigen','BE',3647,218),(2950,'Reutlingen (Winterthur)','ZH',8404,218),(2951,'Reverolle','VD',1128,218),(2952,'Rheinau','ZH',8462,218),(2953,'Rheineck','SG',9424,218),(2954,'Rheinfelden','AG',4310,218),(2955,'Rheinklingen','TG',8259,218),(2956,'Rheinsulz','AG',5084,218),(2957,'Rhzns','GR',7403,218),(2958,'Riaz','FR',1632,218),(2959,'Riazzino','TI',6595,218),(2960,'Richenthal','LU',6263,218),(2961,'Richigen','BE',3078,218),(2962,'Richterswil','ZH',8805,218),(2963,'Ricken SG','SG',8726,218),(2964,'Rickenbach BL','BL',4462,218),(2965,'Rickenbach LU','LU',6221,218),(2966,'Rickenbach SO','SO',4613,218),(2967,'Rickenbach Sulz','ZH',8545,218),(2968,'Rickenbach ZH','ZH',8545,218),(2969,'Rickenbach b. Schwyz','SZ',6432,218),(2970,'Rickenbach b. Wil','SG',9532,218),(2971,'Rickenbach b. Wil','TG',9532,218),(2972,'Ricketwil (Winterthur)','ZH',8352,218),(2973,'Riddes','VS',1908,218),(2974,'Ried (Frutigen)','BE',3724,218),(2975,'Ried (Muotathal)','SZ',6436,218),(2976,'Ried b. Kerzers','FR',3216,218),(2977,'Ried-Brig','VS',3911,218),(2978,'Ried-Mrel','VS',3986,218),(2979,'Rieden AG','AG',5415,218),(2980,'Rieden SG','SG',8739,218),(2981,'Riederalp','VS',3987,218),(2982,'Riedern','GL',8750,218),(2983,'Riedholz','SO',4533,218),(2984,'Riedikon','ZH',8616,218),(2985,'Riedsttt','BE',3159,218),(2986,'Riedt b. Erlen','TG',8586,218),(2987,'Riedtwil','BE',3475,218),(2988,'Riehen','BS',4125,218),(2989,'Riein','GR',7128,218),(2990,'Riemenstalden','SZ',6452,218),(2991,'Riet (Neftenbach)','ZH',8412,218),(2992,'Rietheim','AG',5323,218),(2993,'Riex','VD',1097,218),(2994,'Riffenmatt','BE',3156,218),(2995,'Rifferswil','ZH',8911,218),(2996,'Riggisberg','BE',3132,218),(2997,'Rigi Kaltbad','LU',6356,218),(2998,'Rigi Klsterli','SZ',6410,218),(2999,'Rigi Kulm','SZ',6410,218),(3000,'Rigi Scheidegg','SZ',6410,218),(3001,'Rigi Staffel','SZ',6410,218),(3002,'Riken AG','AG',4853,218),(3003,'Rikon im Tsstal','ZH',8486,218),(3004,'Ringgenberg BE','BE',3852,218),(3005,'Ringoldswil','BE',3656,218),(3006,'Riniken','AG',5223,218),(3007,'Riom','GR',7463,218),(3008,'Riom','GR',7463,218),(3009,'Riom','GR',7463,218),(3010,'Risch','ZG',6343,218),(3011,'Ritzingen','VS',3989,218),(3012,'Riva San Vitale','TI',6826,218),(3013,'Rivaz','VD',1071,218),(3014,'Rive Haute (Liddes)','VS',1945,218),(3015,'Riveo','TI',6674,218),(3016,'Rivera','TI',6802,218),(3017,'Rizenbach','BE',3206,218),(3018,'Robasacco','TI',6599,218),(3019,'Roche VD','VD',1852,218),(3020,'Roche-d\'Or','JU',2912,218),(3021,'Rochefort','NE',2019,218),(3022,'Roches BE','BE',2762,218),(3023,'Rocourt','JU',2907,218),(3024,'Rodels','GR',7415,218),(3025,'Rodersdorf','SO',4118,218),(3026,'Rodi-Fiesso','TI',6772,218),(3027,'Roggenburg','BL',2814,218),(3028,'Roggliswil','LU',6265,218),(3029,'Roggwil BE','BE',4914,218),(3030,'Roggwil TG','TG',9325,218),(3031,'Rohr b. Olten','SO',4655,218),(3032,'Rohrbach','BE',4938,218),(3033,'Rohrbachgraben','BE',4938,218),(3034,'Rohrmatt','LU',6132,218),(3035,'Rolle','VD',1180,218),(3036,'Romainmtier','VD',1323,218),(3037,'Romairon','VD',1423,218),(3038,'Romanel-sur-Lausanne','VD',1032,218),(3039,'Romanel-sur-Morges','VD',1122,218),(3040,'Romanens','FR',1626,218),(3041,'Romanshorn','TG',8590,218),(3042,'Rombach','AG',5022,218),(3043,'Romont BE','BE',2538,218),(3044,'Romont FR','FR',1680,218),(3045,'Romoos','LU',6113,218),(3046,'Rona','GR',7454,218),(3047,'Ronco sopra Ascona','TI',6622,218),(3048,'Rongellen','GR',7430,218),(3049,'Root','LU',6037,218),(3050,'Root D4','LU',6039,218),(3051,'Ropraz','VD',1088,218),(3052,'Rorbas','ZH',8427,218),(3053,'Rorschach','SG',9400,218),(3054,'Rorschacherberg','SG',9404,218),(3055,'Rosenlaui','BE',3860,218),(3056,'Rossa','GR',6548,218),(3057,'Rossemaison','JU',2842,218),(3058,'Rossenges','VD',1513,218),(3059,'Rossens FR','FR',1728,218),(3060,'Rossens VD','VD',1554,218),(3061,'Rosshusern','BE',3204,218),(3062,'Rossinire','VD',1658,218),(3063,'Rossrti','SG',9512,218),(3064,'Rossura','TI',6760,218),(3065,'Rosswald','VS',3913,218),(3066,'Ros','FR',1754,218),(3067,'Rothenbrunnen','GR',7405,218),(3068,'Rothenburg','LU',6023,218),(3069,'Rothenfluh','BL',4467,218),(3070,'Rothenhausen','TG',9565,218),(3071,'Rothenthurm','SZ',6418,218),(3072,'Rothrist','AG',4852,218),(3073,'Rothwald','VS',3901,218),(3074,'Rotkreuz','ZG',6343,218),(3075,'Rottenschwil','AG',8919,218),(3076,'Rougemont','VD',1659,218),(3077,'Roumaz (Savise)','VS',1965,218),(3078,'Roveredo GR','GR',6535,218),(3079,'Roveredo TI','TI',6957,218),(3080,'Rovio','TI',6821,218),(3081,'Rovray','VD',1463,218),(3082,'Rubigen','BE',3113,218),(3083,'Rudolfingen','ZH',8465,218),(3084,'Rudolfstetten','AG',8964,218),(3085,'Rue','FR',1673,218),(3086,'Rueras','GR',7189,218),(3087,'Rueun','GR',7156,218),(3088,'Rueyres','VD',1046,218),(3089,'Rueyres-St-Laurent','FR',1695,218),(3090,'Rueyres-Treyfayes','FR',1626,218),(3091,'Rueyres-les-Prs','FR',1542,218),(3092,'Rufi','SG',8723,218),(3093,'Ruggell','',9491,218),(3094,'Rumendingen','BE',3472,218),(3095,'Rumisberg','BE',4539,218),(3096,'Rumlikon','ZH',8332,218),(3097,'Rupperswil','AG',5102,218),(3098,'Ruppoldsried','BE',3251,218),(3099,'Ruschein','GR',7154,218),(3100,'Russikon','ZH',8332,218),(3101,'Russin','GE',1281,218),(3102,'Russo','TI',6662,218),(3103,'Russy','FR',1773,218),(3104,'Ruswil','LU',6017,218),(3105,'Rutschwil (Dgerlen)','ZH',8471,218),(3106,'Ruvigliana','TI',6977,218),(3107,'Rmismhle','ZH',8487,218),(3108,'Rchy','VS',3966,218),(3109,'Rclre','JU',2912,218),(3110,'Rmerswil LU','LU',6027,218),(3111,'Rschenz','BL',4244,218),(3112,'Rthenbach Herzogenbuchsee','BE',3373,218),(3113,'Rthenbach im Emmental','BE',3538,218),(3114,'Rderswil','BE',3437,218),(3115,'Rdlingen','SH',8455,218),(3116,'Rdtligen','BE',3422,218),(3117,'Redisbach','BE',3474,218),(3118,'Reggisberg','BE',3088,218),(3119,'Regsau','BE',3417,218),(3120,'Regsauschachen','BE',3415,218),(3121,'Regsbach','BE',3418,218),(3122,'Reterswil','SG',8735,218),(3123,'Rfenach AG','AG',5235,218),(3124,'Rfenacht BE','BE',3075,218),(3125,'Rmikon AG','AG',5464,218),(3126,'Rmlang','ZH',8153,218),(3127,'Rmligen','BE',3128,218),(3128,'Rmlingen','BL',4444,218),(3129,'Rnenberg','BL',4497,218),(3130,'Rschegg Gambach','BE',3153,218),(3131,'Rschegg Heubach','BE',3154,218),(3132,'Rschlikon','ZH',8803,218),(3133,'Rthi (Rheintal)','SG',9464,218),(3134,'Rti GL','GL',8782,218),(3135,'Rti ZH','ZH',8630,218),(3136,'Rti b. Bren','BE',3295,218),(3137,'Rti b. Lyssach','BE',3421,218),(3138,'Rti b. Riggisberg','BE',3099,218),(3139,'Rtihof','AG',5406,218),(3140,'Rtli','UR',6441,218),(3141,'Rtschelen','BE',4933,218),(3142,'Rttenen','SO',4522,218),(3143,'S-chanf','GR',7525,218),(3144,'S. Antonino','TI',6592,218),(3145,'S. Antonio (Val Morobbia)','TI',6583,218),(3146,'S. Benedetg','GR',7174,218),(3147,'S. Bernardino','GR',6565,218),(3148,'S. Carlo (Poschiavo)','GR',7741,218),(3149,'S. Carlo (Val Bavona)','TI',6690,218),(3150,'S. Nazzaro','TI',6575,218),(3151,'S. Pietro','TI',6854,218),(3152,'S. Vittore','GR',6534,218),(3153,'S. Vittore','GR',6534,218),(3154,'Saanen','BE',3792,218),(3155,'Saanenmser','BE',3777,218),(3156,'Saas im Prttigau','GR',7247,218),(3157,'Saas-Almagell','VS',3905,218),(3158,'Saas-Balen','VS',3908,218),(3159,'Saas-Fee','VS',3906,218),(3160,'Saas-Grund','VS',3910,218),(3161,'Sachseln','OW',6072,218),(3162,'Saclentse','VS',1996,218),(3163,'Safenwil','AG',5745,218),(3164,'Safien Platz','GR',7107,218),(3165,'Safnern','BE',2553,218),(3166,'Sagno','TI',6839,218),(3167,'Sagogn','GR',7152,218),(3168,'Saicourt','BE',2732,218),(3169,'Saignelgier','JU',2350,218),(3170,'Saillon','VS',1913,218),(3171,'Saillon','VS',1913,218),(3172,'Sala Capriasca','TI',6954,218),(3173,'Sala Capriasca','TI',6954,218),(3174,'Saland','ZH',8493,218),(3175,'Salavaux','VD',1585,218),(3176,'Salenstein','TG',8268,218),(3177,'Salez','SG',9465,218),(3178,'Salgesch','VS',3970,218),(3179,'Salins','VS',1991,218),(3180,'Salmsach','TG',8599,218),(3181,'Salorino','TI',6872,218),(3182,'Salouf','GR',7462,218),(3183,'Salvan','VS',1922,218),(3184,'Salvenach','FR',1794,218),(3185,'Samedan','GR',7503,218),(3186,'Samnaun Dorf','GR',7563,218),(3187,'Samnaun-Compatsch','GR',7562,218),(3188,'Samstagern','ZH',8833,218),(3189,'Sangernboden','BE',1738,218),(3190,'Sargans','SG',7320,218),(3191,'Sarmenstorf','AG',5614,218),(3192,'Sarn','GR',7423,218),(3193,'Sarnen','OW',6060,218),(3194,'Sarreyer','VS',1948,218),(3195,'Sarzens','VD',1683,218),(3196,'Sassel','VD',1534,218),(3197,'Sassel','VD',1534,218),(3198,'Satigny','GE',1242,218),(3199,'Sattel','SZ',6417,218),(3200,'Saubraz','VD',1189,218),(3201,'Saulcy','JU',2873,218),(3202,'Saules','NE',2063,218),(3203,'Saules BE','BE',2732,218),(3204,'Savagnier','NE',2065,218),(3205,'Savigny','VD',1073,218),(3206,'Savognin','GR',7460,218),(3207,'Savosa','TI',6942,218),(3208,'Sax','SG',9468,218),(3209,'Saxeten','BE',3813,218),(3210,'Saxon','VS',1907,218),(3211,'Saxonne (Ayent)','VS',1966,218),(3212,'Says','GR',7202,218),(3213,'Scareglia','TI',6951,218),(3214,'Schaan','',9494,218),(3215,'Schaanwald','',9486,218),(3216,'Schachen LU','LU',6105,218),(3217,'Schachen b. Herisau','AR',9112,218),(3218,'Schachen b. Reute','AR',9414,218),(3219,'Schaffhausen','SH',8208,218),(3220,'Schaffhausen','SH',8207,218),(3221,'Schaffhausen','SH',8203,218),(3222,'Schaffhausen','SH',8200,218),(3223,'Schafhausen im Emmental','BE',3415,218),(3224,'Schafisheim','AG',5503,218),(3225,'Schalunen','BE',3314,218),(3226,'Schangnau','BE',6197,218),(3227,'Scharans','GR',7412,218),(3228,'Scharnachtal','BE',3722,218),(3229,'Schattdorf','UR',6467,218),(3230,'Schattenhalb','BE',3860,218),(3231,'Scheid','GR',7419,218),(3232,'Schellenberg','',9488,218),(3233,'Schelten','BE',2827,218),(3234,'Schenkon','LU',6214,218),(3235,'Scherz','AG',5246,218),(3236,'Scherzingen','TG',8596,218),(3237,'Scheunen','BE',3305,218),(3238,'Scheuren','BE',2556,218),(3239,'Schiers','GR',7220,218),(3240,'Schiers','GR',7220,218),(3241,'Schindellegi','SZ',8834,218),(3242,'Schinznach Bad','AG',5116,218),(3243,'Schinznach Dorf','AG',5107,218),(3244,'Schlans','GR',7168,218),(3245,'Schlatt TG','TG',8252,218),(3246,'Schlatt b. Winterthur','ZH',8418,218),(3247,'Schlattingen','TG',8255,218),(3248,'Schleinikon','ZH',8165,218),(3249,'Schleitheim','SH',8226,218),(3250,'Schlierbach','LU',6231,218),(3251,'Schlieren','ZH',8952,218),(3252,'Schliern b. Kniz','BE',3098,218),(3253,'Schlossrued','AG',5044,218),(3254,'Schlosswil','BE',3082,218),(3255,'Schluein','GR',7151,218),(3256,'Schmerikon','SG',8716,218),(3257,'Schmidigen-Mhleweg','BE',3464,218),(3258,'Schmidrti','ZH',8495,218),(3259,'Schmidshof','TG',9565,218),(3260,'Schmiedrued','AG',5046,218),(3261,'Schmitten (Albula)','GR',7493,218),(3262,'Schmitten FR','FR',3185,218),(3263,'Schnaus','GR',7130,218),(3264,'Schnaus','GR',7130,218),(3265,'Schneisingen','AG',5425,218),(3266,'Schnottwil','SO',3253,218),(3267,'Schocherswil','TG',8581,218),(3268,'Schongau','LU',6288,218),(3269,'Schuders','GR',7228,218),(3270,'Schupfart','AG',4325,218),(3271,'Schwaderloch','AG',5326,218),(3272,'Schwadernau','BE',2556,218),(3273,'Schwanden (Sigriswil)','BE',3657,218),(3274,'Schwanden GL','GL',8762,218),(3275,'Schwanden b. Brienz','BE',3855,218),(3276,'Schwanden im Emmental','BE',3433,218),(3277,'Schwarzenbach (Huttwil)','BE',4953,218),(3278,'Schwarzenbach LU','LU',6215,218),(3279,'Schwarzenbach SG','SG',9536,218),(3280,'Schwarzenberg LU','LU',6103,218),(3281,'Schwarzenburg','BE',3150,218),(3282,'Schwarzenegg','BE',3616,218),(3283,'Schwarzhusern','BE',4911,218),(3284,'Schwarzsee','FR',1716,218),(3285,'Schweizersholz','TG',9223,218),(3286,'Schwellbrunn','AR',9103,218),(3287,'Schwende','AI',9057,218),(3288,'Schwenden im Diemtigtal','BE',3757,218),(3289,'Schwendi im Weisstannental','SG',7325,218),(3290,'Schwendibach','BE',3624,218),(3291,'Schwerzenbach','ZH',8603,218),(3292,'Schwyz','SZ',6430,218),(3293,'Schwndi b. Schwanden','GL',8762,218),(3294,'Schnis','SG',8718,218),(3295,'Schfflisdorf','ZH',8165,218),(3296,'Schftland','AG',5040,218),(3297,'Schnenbaumgarten','TG',8585,218),(3298,'Schnenberg ZH','ZH',8824,218),(3299,'Schnenberg an der Thur','TG',9215,218),(3300,'Schnenbuch','BL',4124,218),(3301,'Schnengrund','AR',9105,218),(3302,'Schnenwerd','SO',5012,218),(3303,'Schnholzerswilen','TG',8577,218),(3304,'Schnried','BE',3778,218),(3305,'Schtz','LU',6247,218),(3306,'Schbelbach','SZ',8862,218),(3307,'Schpbach','BE',3535,218),(3308,'Schpfen','BE',3054,218),(3309,'Schpfheim','LU',6170,218),(3310,'Scudellate','TI',6838,218),(3311,'Scuol','GR',7550,218),(3312,'Sedrun','GR',7188,218),(3313,'Seeberg','BE',3365,218),(3314,'Seedorf BE','BE',3267,218),(3315,'Seedorf UR','UR',6462,218),(3316,'Seehof','BE',2747,218),(3317,'Seelisberg','UR',6377,218),(3318,'Seengen','AG',5707,218),(3319,'Seewen SO','SO',4206,218),(3320,'Seewen SZ','SZ',6423,218),(3321,'Seewil','BE',3256,218),(3322,'Seewis Dorf','GR',7212,218),(3323,'Seewis-Pardisla','GR',7212,218),(3324,'Seewis-Schmitten','GR',7212,218),(3325,'Seftigen','BE',3662,218),(3326,'Segnas','GR',7186,218),(3327,'Seigneux','VD',1525,218),(3328,'Seiry','FR',1470,218),(3329,'Seleute','JU',2888,218),(3330,'Selkingen','VS',3989,218),(3331,'Selma','GR',6545,218),(3332,'Seltisberg','BL',4411,218),(3333,'Selzach','SO',2545,218),(3334,'Sembrancher','VS',1933,218),(3335,'Sementina','TI',6514,218),(3336,'Semione','TI',6714,218),(3337,'Sempach','LU',6204,218),(3338,'Sempach Station','LU',6203,218),(3339,'Semsales','FR',1623,218),(3340,'Senarclens','VD',1304,218),(3341,'Sennhof (Winterthur)','ZH',8482,218),(3342,'Sennwald','SG',9466,218),(3343,'Sent','GR',7554,218),(3344,'Sendes','FR',1724,218),(3345,'Seon','AG',5703,218),(3346,'Sergey','VD',1355,218),(3347,'Serneus','GR',7249,218),(3348,'Serpiano','TI',6867,218),(3349,'Servion','VD',1077,218),(3350,'Seseglio','TI',6832,218),(3351,'Sessa','TI',6997,218),(3352,'Seuzach','ZH',8472,218),(3353,'Sevelen','SG',9475,218),(3354,'Sevgein','GR',7127,218),(3355,'Sfaz','GR',7742,218),(3356,'Siat','GR',7157,218),(3357,'Siblingen','SH',8225,218),(3358,'Siebnen','SZ',8854,218),(3359,'Siegershausen','TG',8573,218),(3360,'Sierre','VS',3960,218),(3361,'Sierre','VS',3960,218),(3362,'Siggenthal Station','AG',5301,218),(3363,'Sigigen','LU',6019,218),(3364,'Sigirino','TI',6806,218),(3365,'Siglistorf','AG',5462,218),(3366,'Signau','BE',3534,218),(3367,'Signy','VD',1274,218),(3368,'Signse (Ayent)','VS',1966,218),(3369,'Signra','TI',6951,218),(3370,'Sigriswil','BE',3655,218),(3371,'Sihlbrugg','ZG',6340,218),(3372,'Sihlbrugg Station','ZH',8135,218),(3373,'Sihlwald','ZH',8135,218),(3374,'Silenen','UR',6473,218),(3375,'Sils im Domleschg','GR',7411,218),(3376,'Sils/Segl Baselgia','GR',7515,218),(3377,'Sils/Segl Maria','GR',7514,218),(3378,'Silvaplana','GR',7513,218),(3379,'Silvaplana-Surlej','GR',7513,218),(3380,'Simplon Dorf','VS',3907,218),(3381,'Sins','AG',5643,218),(3382,'Sins','AG',5643,218),(3383,'Sion','VS',1950,218),(3384,'Sirnach','TG',8370,218),(3385,'Siselen BE','BE',2577,218),(3386,'Sisikon','UR',6452,218),(3387,'Sissach','BL',4450,218),(3388,'Sisseln AG','AG',4334,218),(3389,'Sitterdorf','TG',8589,218),(3390,'Siviez (Nendaz)','VS',1997,218),(3391,'Siviriez','FR',1678,218),(3392,'Soazza','GR',6562,218),(3393,'Sobrio','TI',6749,218),(3394,'Soglio','GR',7610,218),(3395,'Solduno','TI',6600,218),(3396,'Solothurn','SO',4500,218),(3397,'Somazzo','TI',6872,218),(3398,'Someo','TI',6674,218),(3399,'Sommentier','FR',1688,218),(3400,'Sommeri','TG',8580,218),(3401,'Sonceboz-Sombeval','BE',2605,218),(3402,'Sonnental','SG',9245,218),(3403,'Sonogno','TI',6637,218),(3404,'Sonterswil','TG',8564,218),(3405,'Sonvico','TI',6968,218),(3406,'Sonvilier','BE',2615,218),(3407,'Sool','GL',8762,218),(3408,'Soral','GE',1286,218),(3409,'Sorengo','TI',6924,218),(3410,'Sorens','FR',1642,218),(3411,'Sornard (Nendaz)','VS',1997,218),(3412,'Sornetan','BE',2716,218),(3413,'Sorvilier','BE',2736,218),(3414,'Sottens','VD',1062,218),(3415,'Soubey','JU',2887,218),(3416,'Souboz','BE',2748,218),(3417,'Soulce','JU',2864,218),(3418,'Soyhires','JU',2805,218),(3419,'Speicher','AR',9042,218),(3420,'Speicherschwendi','AR',9037,218),(3421,'Spiegel b. Bern','BE',3095,218),(3422,'Spiez','BE',3700,218),(3423,'Spiringen','UR',6464,218),(3424,'Splgen','GR',7435,218),(3425,'Spreitenbach','AG',8957,218),(3426,'Spruga','TI',6663,218),(3427,'St-Aubin FR','FR',1566,218),(3428,'St-Aubin-Sauges','NE',2024,218),(3429,'St-Barthlemy VD','VD',1040,218),(3430,'St-Blaise','NE',2072,218),(3431,'St-Brais','JU',2364,218),(3432,'St-Cergue','VD',1264,218),(3433,'St-Cierges','VD',1410,218),(3434,'St-George','VD',1188,218),(3435,'St-Germain (Savise)','VS',1965,218),(3436,'St-Gingolph','VS',1898,218),(3437,'St-Imier','BE',2610,218),(3438,'St-Jean VS','VS',3961,218),(3439,'St-Livres','VD',1176,218),(3440,'St-Luc','VS',3961,218),(3441,'St-Lgier-La Chisaz','VD',1806,218),(3442,'St-Lonard','VS',1958,218),(3443,'St-Martin FR','FR',1609,218),(3444,'St-Martin VS','VS',1969,218),(3445,'St-Maurice','VS',1890,218),(3446,'St-Oyens','VD',1187,218),(3447,'St-Pierre-de-Clages','VS',1955,218),(3448,'St-Prex','VD',1162,218),(3449,'St-Romain (Ayent)','VS',1966,218),(3450,'St-Saphorin (Lavaux)','VD',1071,218),(3451,'St-Saphorin-sur-Morges','VD',1113,218),(3452,'St-Sulpice NE','NE',2123,218),(3453,'St-Sulpice VD','VD',1025,218),(3454,'St-Sverin','VS',1975,218),(3455,'St-Triphon','VD',1867,218),(3456,'St-Ursanne','JU',2882,218),(3457,'St-Ursanne','JU',2882,218),(3458,'St. Antoni','FR',1713,218),(3459,'St. Antnien','GR',7246,218),(3460,'St. Erhard','LU',6212,218),(3461,'St. Gallen','SG',9010,218),(3462,'St. Gallen','SG',9015,218),(3463,'St. Gallen','SG',9000,218),(3464,'St. Gallen','SG',9012,218),(3465,'St. Gallen','SG',9016,218),(3466,'St. Gallen','SG',9014,218),(3467,'St. Gallen','SG',9011,218),(3468,'St. Gallen','SG',9008,218),(3469,'St. Gallenkappel','SG',8735,218),(3470,'St. German','VS',3942,218),(3471,'St. Josefen','SG',9030,218),(3472,'St. Margarethen TG','TG',9543,218),(3473,'St. Margrethen SG','SG',9430,218),(3474,'St. Margrethenberg','SG',7313,218),(3475,'St. Martin (Lugnez)','GR',7116,218),(3476,'St. Moritz','GR',7500,218),(3477,'St. Niklaus VS','VS',3924,218),(3478,'St. Niklausen LU','LU',6005,218),(3479,'St. Niklausen OW','OW',6066,218),(3480,'St. Pantaleon','SO',4421,218),(3481,'St. Pelagiberg','TG',9225,218),(3482,'St. Peter','GR',7028,218),(3483,'St. Peterzell','SG',9127,218),(3484,'St. Silvester','FR',1736,218),(3485,'St. Stephan','BE',3772,218),(3486,'St. Urban','LU',4915,218),(3487,'St. Ursen','FR',1717,218),(3488,'Sta. Maria Val Mstair','GR',7536,218),(3489,'Sta. Maria in Calanca','GR',6541,218),(3490,'Staad SG','SG',9422,218),(3491,'Stabio','TI',6855,218),(3492,'Stachen','TG',9320,218),(3493,'Stadel (Winterthur)','ZH',8404,218),(3494,'Stadel b. Niederglatt','ZH',8174,218),(3495,'Staffelbach','AG',5053,218),(3496,'Stalden (Sarnen)','OW',6063,218),(3497,'Stalden VS','VS',3922,218),(3498,'Staldenried','VS',3933,218),(3499,'Stallikon','ZH',8143,218),(3500,'Stampa','GR',7605,218),(3501,'Stans','NW',6370,218),(3502,'Stansstad','NW',6362,218),(3503,'Starrkirch-Wil','SO',4656,218),(3504,'Staufen','AG',5603,218),(3505,'Ste-Croix','VD',1450,218),(3506,'Stechelberg','BE',3824,218),(3507,'Steckborn','TG',8266,218),(3508,'Steffisburg','BE',3613,218),(3509,'Steffisburg','BE',3612,218),(3510,'Steg VS','VS',3940,218),(3511,'Steg im Tsstal','ZH',8496,218),(3512,'Stehrenberg','TG',9503,218),(3513,'Stein AG','AG',4332,218),(3514,'Stein AR','AR',9063,218),(3515,'Stein SG','SG',9655,218),(3516,'Stein am Rhein','SH',8260,218),(3517,'Steinach','SG',9323,218),(3518,'Steinebrunn','TG',9314,218),(3519,'Steinen','SZ',6422,218),(3520,'Steinerberg','SZ',6416,218),(3521,'Steinhaus','VS',3995,218),(3522,'Steinhaus','VS',3995,218),(3523,'Steinhausen','ZG',6312,218),(3524,'Steinhof SO','SO',4556,218),(3525,'Steinhuserberg','LU',6114,218),(3526,'Steinmaur','ZH',8162,218),(3527,'Stels','GR',7226,218),(3528,'Stels','GR',7226,218),(3529,'Sternenberg','ZH',8499,218),(3530,'Stetten AG','AG',5608,218),(3531,'Stetten SH','SH',8234,218),(3532,'Stettfurt','TG',9507,218),(3533,'Stettlen','BE',3066,218),(3534,'Stierva','GR',7459,218),(3535,'Stilli','AG',5233,218),(3536,'Stoos SZ','SZ',6433,218),(3537,'Strada','GR',7558,218),(3538,'Strengelbach','AG',4802,218),(3539,'Studen BE','BE',2557,218),(3540,'Studen SZ','SZ',8845,218),(3541,'Stugl/Stuls','GR',7482,218),(3542,'Stfa','ZH',8712,218),(3543,'Stsslingen','SO',4655,218),(3544,'Suberg','BE',3262,218),(3545,'Subingen','SO',4553,218),(3546,'Suchy','VD',1433,218),(3547,'Suen (St-Martin)','VS',1969,218),(3548,'Sufers','GR',7434,218),(3549,'Sugiez','FR',1786,218),(3550,'Sugnens','VD',1043,218),(3551,'Suhr','AG',5034,218),(3552,'Sulgen','TG',8583,218),(3553,'Sullens','VD',1036,218),(3554,'Sulz AG','AG',5085,218),(3555,'Sulz LU','LU',6284,218),(3556,'Sulzbach','ZH',8614,218),(3557,'Sumiswald','BE',3454,218),(3558,'Summaprada','GR',7421,218),(3559,'Sumvitg','GR',7175,218),(3560,'Sundlauenen','BE',3800,218),(3561,'Sur','GR',7456,218),(3562,'Surava','GR',7472,218),(3563,'Surcasti','GR',7115,218),(3564,'Surcuolm','GR',7138,218),(3565,'Surin','GR',7148,218),(3566,'Surpierre','FR',1528,218),(3567,'Surrein','GR',7173,218),(3568,'Sursee','LU',6210,218),(3569,'Susch','GR',7542,218),(3570,'Suscvaz','VD',1437,218),(3571,'Susten','VS',3952,218),(3572,'Sutz','BE',2572,218),(3573,'Syens','VD',1510,218),(3574,'Sles (Gruyre)','FR',1625,218),(3575,'Sriswil','BE',3049,218),(3576,'Sdeilles','VD',1554,218),(3577,'Svaz','FR',1541,218),(3578,'Svery','VD',1141,218),(3579,'Srenberg','LU',6174,218),(3580,'Sderen','BE',3618,218),(3581,'Snikon','ZH',8162,218),(3582,'Tafers','FR',1712,218),(3583,'Tagelswangen','ZH',8317,218),(3584,'Tamins','GR',7015,218),(3585,'Tann','ZH',8632,218),(3586,'Tannay','VD',1295,218),(3587,'Tarasp','GR',7553,218),(3588,'Tartar','GR',7422,218),(3589,'Tartegnin','VD',1180,218),(3590,'Tatroz','FR',1617,218),(3591,'Tavanasa','GR',7162,218),(3592,'Tavannes','BE',2710,218),(3593,'Taverne','TI',6807,218),(3594,'Tecknau','BL',4492,218),(3595,'Tegerfelden','AG',5306,218),(3596,'Tegna','TI',6652,218),(3597,'Tenero','TI',6598,218),(3598,'Tenna','GR',7106,218),(3599,'Tenniken','BL',4456,218),(3600,'Tennwil','AG',5617,218),(3601,'Tentlingen','FR',1734,218),(3602,'Termen','VS',3912,218),(3603,'Termine','TI',6998,218),(3604,'Territet','VD',1820,218),(3605,'Tersnaus','GR',7116,218),(3606,'Tesserete','TI',6950,218),(3607,'Teufen AR','AR',9053,218),(3608,'Teufen ZH','ZH',8428,218),(3609,'Teufenthal AG','AG',5723,218),(3610,'Teuffenthal b. Thun','BE',3623,218),(3611,'Thal','SG',9425,218),(3612,'Thalheim AG','AG',5112,218),(3613,'Thalheim an der Thur','ZH',8478,218),(3614,'Thalkirch','GR',7109,218),(3615,'Thalwil','ZH',8800,218),(3616,'Thayngen','SH',8240,218),(3617,'Theilingen','ZH',8484,218),(3618,'Therwil','BL',4106,218),(3619,'Thielle','NE',2075,218),(3620,'Thierachern','BE',3634,218),(3621,'Thierrens','VD',1410,218),(3622,'Thun','BE',3603,218),(3623,'Thun','BE',3604,218),(3624,'Thun','BE',3600,218),(3625,'Thun','BE',3608,218),(3626,'Thundorf','TG',8512,218),(3627,'Thunersee','BE',9999,218),(3628,'Thunstetten','BE',4922,218),(3629,'Thusis','GR',7430,218),(3630,'Thyon','VS',1988,218),(3631,'Thnex','GE',1226,218),(3632,'Thnex','GE',1226,218),(3633,'Thrigen','BE',3367,218),(3634,'Thrishaus','BE',3174,218),(3635,'Thrnen','BL',4441,218),(3636,'Tiefencastel','GR',7450,218),(3637,'Tinizong','GR',7453,218),(3638,'Titterten','BL',4425,218),(3639,'Tobel','TG',9555,218),(3640,'Toffen','BE',3125,218),(3641,'Tolochenaz','VD',1131,218),(3642,'Torgon','VS',1899,218),(3643,'Torny-le-Grand','FR',1748,218),(3644,'Torre','TI',6717,218),(3645,'Torricella','TI',6808,218),(3646,'Trachselwald','BE',3456,218),(3647,'Trachslau','SZ',8840,218),(3648,'Tramelan','BE',2720,218),(3649,'Trans','GR',7407,218),(3650,'Trasadingen','SH',8219,218),(3651,'Travers','NE',2105,218),(3652,'Treiten','BE',3226,218),(3653,'Tremona','TI',6865,218),(3654,'Trey','VD',1552,218),(3655,'Treycovagnes','VD',1436,218),(3656,'Treyfayes','FR',1626,218),(3657,'Treytorrens (Payerne)','VD',1538,218),(3658,'Treyvaux','FR',1733,218),(3659,'Triboltingen','TG',8273,218),(3660,'Triengen','LU',6234,218),(3661,'Trient','VS',1929,218),(3662,'Triesen','',9495,218),(3663,'Triesenberg','',9497,218),(3664,'Trimbach','SO',4632,218),(3665,'Trimmis','GR',7203,218),(3666,'Trimstein','BE',3083,218),(3667,'Trin','GR',7014,218),(3668,'Trin Mulin','GR',7016,218),(3669,'Trogen','AR',9043,218),(3670,'Trogne (St-Martin)','VS',1969,218),(3671,'Troinex','GE',1256,218),(3672,'Troistorrents','VS',1872,218),(3673,'Trub','BE',3556,218),(3674,'Trubschachen','BE',3555,218),(3675,'Trun','GR',7166,218),(3676,'Truttikon','ZH',8467,218),(3677,'Trlex','VD',1270,218),(3678,'Trbbach','SG',9477,218),(3679,'Trllikon','ZH',8466,218),(3680,'Tschappina','GR',7428,218),(3681,'Tscheppach','SO',4576,218),(3682,'Tscherlach','SG',8881,218),(3683,'Tschiertschen','GR',7064,218),(3684,'Tschierv','GR',7532,218),(3685,'Tschingel ob Gunten','BE',3656,218),(3686,'Tschlin','GR',7559,218),(3687,'Tschugg','BE',3233,218),(3688,'Tuggen','SZ',8856,218),(3689,'Tumegl/Tomils','GR',7418,218),(3690,'Turbach','BE',3781,218),(3691,'Turbenthal','ZH',8488,218),(3692,'Turgi','AG',5300,218),(3693,'Turin (Salins)','VS',1991,218),(3694,'Turtmann','VS',3946,218),(3695,'Tuttwil','TG',9546,218),(3696,'Twann','BE',2513,218),(3697,'Tgerig','AG',5522,218),(3698,'Tgerschen','TG',9554,218),(3699,'Tgertschi','BE',3111,218),(3700,'Tgerwilen','TG',8274,218),(3701,'Tsch','VS',3929,218),(3702,'Tuffelen','BE',2575,218),(3703,'Trbel','VS',3923,218),(3704,'Tbach','SG',9327,218),(3705,'Tscherz-Alferme','BE',2512,218),(3706,'Udligenswil','LU',6044,218),(3707,'Ueberstorf','FR',3182,218),(3708,'Uebeschi','BE',3635,218),(3709,'Ueken','AG',5028,218),(3710,'Uerikon','ZH',8713,218),(3711,'Uerkheim','AG',4813,218),(3712,'Uerschhausen','TG',8537,218),(3713,'Uerzlikon','ZH',8926,218),(3714,'Uesslingen','TG',8524,218),(3715,'Uetendorf','BE',3661,218),(3716,'Uetikon am See','ZH',8707,218),(3717,'Uetliberg','ZH',8143,218),(3718,'Uetliburg SG','SG',8738,218),(3719,'Uettligen','BE',3043,218),(3720,'Uezwil','AG',5619,218),(3721,'Uffikon','LU',6253,218),(3722,'Ufhusen','LU',6153,218),(3723,'Uhwiesen','ZH',8248,218),(3724,'Uitikon Waldegg','ZH',8142,218),(3725,'Ulisbach','SG',9631,218),(3726,'Ulmiz','FR',3214,218),(3727,'Ulrichen','VS',3988,218),(3728,'Umiken','AG',5222,218),(3729,'Undervelier','JU',2863,218),(3730,'Unterbach BE','BE',3857,218),(3731,'Unterbch VS','VS',3944,218),(3732,'Untereggen','SG',9033,218),(3733,'Unterems','VS',3948,218),(3734,'Unterendingen','AG',5305,218),(3735,'Unterengstringen','ZH',8103,218),(3736,'Unterentfelden','AG',5035,218),(3737,'Unteriberg','SZ',8842,218),(3738,'Unterkulm','AG',5726,218),(3739,'Unterlangenegg','BE',3614,218),(3740,'Unterlunkhofen','AG',8918,218),(3741,'Unterramsern','SO',4588,218),(3742,'Unterrindal','SG',9604,218),(3743,'Unterschchen','UR',6465,218),(3744,'Unterseen','BE',3800,218),(3745,'Untersiggenthal','AG',5417,218),(3746,'Unterstammheim','ZH',8476,218),(3747,'Untersteckholz','BE',4916,218),(3748,'Unterterzen','SG',8882,218),(3749,'Untervaz','GR',7204,218),(3750,'Untervaz Bahnhof','GR',7201,218),(3751,'Unterwasser','SG',9657,218),(3752,'Untergeri','ZG',6314,218),(3753,'Uors (Lumnezia)','GR',7114,218),(3754,'Urdorf','ZH',8902,218),(3755,'Urmein','GR',7427,218),(3756,'Urnerboden','UR',8751,218),(3757,'Urnsch','AR',9107,218),(3758,'Ursenbach','BE',4937,218),(3759,'Ursins','VD',1412,218),(3760,'Urswil','LU',6280,218),(3761,'Ursy','FR',1670,218),(3762,'Urtenen-Schnbhl','BE',3322,218),(3763,'Uster','ZH',8610,218),(3764,'Uttigen','BE',3628,218),(3765,'Uttwil','TG',8592,218),(3766,'Utzenstorf','BE',3427,218),(3767,'Utzigen','BE',3068,218),(3768,'Uvrier','VS',1958,218),(3769,'Uznach','SG',8730,218),(3770,'Uzwil','SG',9240,218),(3771,'Vacallo','TI',6833,218),(3772,'Vadura','SG',7314,218),(3773,'Vaduz','',9490,218),(3774,'Vaglio','TI',6947,218),(3775,'Vaglio','TI',6947,218),(3776,'Vairano','TI',6575,218),(3777,'Val-d\'Illiez','VS',1873,218),(3778,'Valangin','NE',2042,218),(3779,'Valbella','GR',7077,218),(3780,'Valchava','GR',7535,218),(3781,'Valendas','GR',7122,218),(3782,'Valens','SG',7317,218),(3783,'Valeyres-sous-Montagny','VD',1441,218),(3784,'Valeyres-sous-Rances','VD',1358,218),(3785,'Valeyres-sous-Ursins','VD',1412,218),(3786,'Vallamand','VD',1586,218),(3787,'Vallon','FR',1565,218),(3788,'Vallorbe','VD',1337,218),(3789,'Vals','GR',7132,218),(3790,'Valzeina','GR',7213,218),(3791,'Vandoeuvres','GE',1253,218),(3792,'Varen','VS',3953,218),(3793,'Varenzo','TI',6777,218),(3794,'Vasn','SG',7317,218),(3795,'Vattiz','GR',7146,218),(3796,'Vauderens','FR',1675,218),(3797,'Vauffelin','BE',2537,218),(3798,'Vaugondry','VD',1423,218),(3799,'Vaulion','VD',1325,218),(3800,'Vaulruz','FR',1627,218),(3801,'Vaumarcus','NE',2028,218),(3802,'Vaux-sur-Morges','VD',1126,218),(3803,'Vaz/Obervaz','GR',7082,218),(3804,'Vella','GR',7144,218),(3805,'Vellerat','JU',2830,218),(3806,'Veltheim AG','AG',5106,218),(3807,'Vendlincourt','JU',2943,218),(3808,'Vens (Sembrancher)','VS',1933,218),(3809,'Venthne','VS',3973,218),(3810,'Verbier','VS',1936,218),(3811,'Vercorin','VS',3967,218),(3812,'Verdabbio','GR',6538,218),(3813,'Verdabbio','GR',6538,218),(3814,'Verdasio','TI',6655,218),(3815,'Vergeletto','TI',6664,218),(3816,'Vermes','JU',2829,218),(3817,'Vernamige','VS',1961,218),(3818,'Vernate','TI',6992,218),(3819,'Vernayaz','VS',1904,218),(3820,'Vernier','GE',1214,218),(3821,'Vers-chez-Perrin','VD',1551,218),(3822,'Vers-l\'Eglise','VD',1864,218),(3823,'Versam','GR',7104,218),(3824,'Versam','GR',7104,218),(3825,'Verscio','TI',6653,218),(3826,'Versegres','VS',1947,218),(3827,'Versoix','GE',1290,218),(3828,'Vesin','FR',1483,218),(3829,'Vessy','GE',1234,218),(3830,'Vevey','VD',1800,218),(3831,'Vex','VS',1981,218),(3832,'Veyras','VS',3968,218),(3833,'Veyrier','GE',1255,218),(3834,'Veysonnaz','VS',1993,218),(3835,'Veytaux','VD',1820,218),(3836,'Vezia','TI',6943,218),(3837,'Vezio','TI',6938,218),(3838,'Viano','GR',7747,218),(3839,'Vich','VD',1267,218),(3840,'Vichres (Liddes)','VS',1945,218),(3841,'Vico Morcote','TI',6921,218),(3842,'Vicosoprano','GR',7603,218),(3843,'Vicques','JU',2824,218),(3844,'Vielbringen b. Worb','BE',3075,218),(3845,'Viganello','TI',6962,218),(3846,'Vignogn','GR',7147,218),(3847,'Vilars NE','NE',2063,218),(3848,'Villa (Ayent)','VS',1966,218),(3849,'Villa (Evolne)','VS',1985,218),(3850,'Villa Bedretto','TI',6781,218),(3851,'Villa Luganese','TI',6966,218),(3852,'Villaraboud','FR',1679,218),(3853,'Villarbeney','FR',1652,218),(3854,'Villard-sur-Chamby','VD',1832,218),(3855,'Villarepos','FR',1583,218),(3856,'Villargiroud','FR',1694,218),(3857,'Villariaz','FR',1685,218),(3858,'Villarimboud','FR',1691,218),(3859,'Villarlod','FR',1695,218),(3860,'Villars-Bozon','VD',1148,218),(3861,'Villars-Bramard','VD',1682,218),(3862,'Villars-Burquin','VD',1423,218),(3863,'Villars-Epeney','VD',1404,218),(3864,'Villars-Mendraz','VD',1061,218),(3865,'Villars-Ste-Croix','VD',1029,218),(3866,'Villars-Tiercelin','VD',1058,218),(3867,'Villars-le-Comte','VD',1515,218),(3868,'Villars-le-Grand','VD',1584,218),(3869,'Villars-le-Terroir','VD',1040,218),(3870,'Villars-sous-Champvent','VD',1443,218),(3871,'Villars-sous-Mont','FR',1666,218),(3872,'Villars-sous-Yens','VD',1168,218),(3873,'Villars-sur-Fontenais','JU',2903,218),(3874,'Villars-sur-Glne','FR',1752,218),(3875,'Villars-sur-Ollon','VD',1884,218),(3876,'Villarsel-le-Gibloux','FR',1695,218),(3877,'Villarsel-sur-Marly','FR',1723,218),(3878,'Villarsiviriaux','FR',1694,218),(3879,'Villarvolard','FR',1651,218),(3880,'Villarzel','VD',1555,218),(3881,'Villaz-St-Pierre','FR',1690,218),(3882,'Villeneuve FR','FR',1527,218),(3883,'Villeneuve VD','VD',1844,218),(3884,'Villeret','BE',2613,218),(3885,'Villette (Lavaux)','VD',1096,218),(3886,'Villiers','NE',2057,218),(3887,'Villigen','AG',5234,218),(3888,'Villmergen','AG',5612,218),(3889,'Villnachern','AG',5213,218),(3890,'Vilters','SG',7324,218),(3891,'Vinelz','BE',3234,218),(3892,'Vinzel','VD',1184,218),(3893,'Vionnaz','VS',1895,218),(3894,'Vira (Gambarogno)','TI',6574,218),(3895,'Visp','VS',3930,218),(3896,'Visperterminen','VS',3932,218),(3897,'Vissoie','VS',3961,218),(3898,'Vitznau','LU',6354,218),(3899,'Vn','GR',7557,218),(3900,'Vogelsang AG','AG',5412,218),(3901,'Vogorno','TI',6632,218),(3902,'Volken','ZH',8459,218),(3903,'Volketswil','ZH',8604,218),(3904,'Vollges','VS',1941,218),(3905,'Vordemwald','AG',4803,218),(3906,'Vorderthal','SZ',8857,218),(3907,'Vouvry','VS',1896,218),(3908,'Vrin','GR',7149,218),(3909,'Vuadens','FR',1628,218),(3910,'Vuarmarens','FR',1674,218),(3911,'Vuarrens','VD',1418,218),(3912,'Vucherens','VD',1509,218),(3913,'Vufflens-la-Ville','VD',1302,218),(3914,'Vufflens-le-Chteau','VD',1134,218),(3915,'Vugelles-La Mothe','VD',1431,218),(3916,'Vuibroye','VD',1610,218),(3917,'Vuippens','FR',1633,218),(3918,'Vuissens','FR',1486,218),(3919,'Vuisternens-devant-Romont','FR',1687,218),(3920,'Vuisternens-en-Ogoz','FR',1696,218),(3921,'Vuiteboeuf','VD',1445,218),(3922,'Vulliens','VD',1085,218),(3923,'Vullierens','VD',1115,218),(3924,'Vulpera','GR',7552,218),(3925,'Vttis','SG',7315,218),(3926,'Vrossaz','VS',1891,218),(3927,'Vsenaz','GE',1222,218),(3928,'Vtroz','VS',1963,218),(3929,'Wabern','BE',3084,218),(3930,'Wagen','SG',8646,218),(3931,'Wagenhausen','TG',8259,218),(3932,'Wagerswil','TG',8564,218),(3933,'Wahlen b. Laufen','BL',4246,218),(3934,'Wahlendorf','BE',3046,218),(3935,'Walchwil','ZG',6318,218),(3936,'Wald AR','AR',9044,218),(3937,'Wald ZH','ZH',8636,218),(3938,'Walde AG','AG',5046,218),(3939,'Walde SG','SG',8727,218),(3940,'Waldenburg','BL',4437,218),(3941,'Waldhusern AG','AG',5624,218),(3942,'Waldkirch','SG',9205,218),(3943,'Waldstatt','AR',9104,218),(3944,'Walenstadt','SG',8880,218),(3945,'Walenstadtberg','SG',8881,218),(3946,'Walkringen','BE',3512,218),(3947,'Wallbach','AG',4323,218),(3948,'Wallenbuch','FR',3206,218),(3949,'Wallenried','FR',1784,218),(3950,'Wallenwil','TG',8360,218),(3951,'Wallisellen','ZH',8304,218),(3952,'Walliswil b. Niederbipp','BE',3380,218),(3953,'Walliswil b. Wangen','BE',3377,218),(3954,'Walperswil','BE',3272,218),(3955,'Waltalingen','ZH',8468,218),(3956,'Waltensburg/Vuorz','GR',7158,218),(3957,'Waltenschwil','AG',5622,218),(3958,'Walterswil BE','BE',4942,218),(3959,'Walterswil SO','SO',5746,218),(3960,'Walzenhausen','AR',9428,218),(3961,'Wangen SZ','SZ',8855,218),(3962,'Wangen an der Aare','BE',3380,218),(3963,'Wangen b. Dbendorf','ZH',8602,218),(3964,'Wangen b. Olten','SO',4612,218),(3965,'Wangenried','BE',3374,218),(3966,'Wangs','SG',7323,218),(3967,'Wanzwil','BE',3372,218),(3968,'Warth','TG',8532,218),(3969,'Wasen im Emmental','BE',3457,218),(3970,'Wassen UR','UR',6484,218),(3971,'Wasserauen','AI',9057,218),(3972,'Wasterkingen','ZH',8195,218),(3973,'Watt','ZH',8105,218),(3974,'Wattenwil','BE',3665,218),(3975,'Wattwil','SG',9630,218),(3976,'Wauwil','LU',6242,218),(3977,'Wavre','NE',2075,218),(3978,'Weesen','SG',8872,218),(3979,'Wegenstetten','AG',4317,218),(3980,'Weggis','LU',6353,218),(3981,'Weiach','ZH',8187,218),(3982,'Weier im Emmental','BE',3462,218),(3983,'Weinfelden','TG',8570,218),(3984,'Weingarten-Kalthusern','TG',9508,218),(3985,'Weiningen TG','TG',8532,218),(3986,'Weiningen ZH','ZH',8104,218),(3987,'Weissbad','AI',9057,218),(3988,'Weissenburg','BE',3764,218),(3989,'Weissenstein b. Solothurn','SO',4515,218),(3990,'Weisslingen','ZH',8484,218),(3991,'Weisstannen','SG',7326,218),(3992,'Weite','SG',9476,218),(3993,'Welschenrohr','SO',4716,218),(3994,'Wengen','BE',3823,218),(3995,'Wengi b. Bren','BE',3251,218),(3996,'Wengi b. Frutigen','BE',3714,218),(3997,'Wenslingen','BL',4493,218),(3998,'Werdenberg','SG',9470,218),(3999,'Wergenstein','GR',7433,218),(4000,'Wermatswil','ZH',8615,218),(4001,'Wernetshausen','ZH',8342,218),(4002,'Werthenstein','LU',6106,218),(4003,'Wettingen','AG',5430,218),(4004,'Wettswil','ZH',8907,218),(4005,'Wetzikon TG','TG',8512,218),(4006,'Wetzikon ZH','ZH',8620,218),(4007,'Wetzikon ZH','ZH',8623,218),(4008,'Wichtrach','BE',3114,218),(4009,'Widen','AG',8967,218),(4010,'Widnau','SG',9443,218),(4011,'Wiedlisbach','BE',4537,218),(4012,'Wienacht-Tobel','AR',9405,218),(4013,'Wiesenberg','NW',6383,218),(4014,'Wiesendangen','ZH',8542,218),(4015,'Wiezikon b. Sirnach','TG',8372,218),(4016,'Wiggen','LU',6192,218),(4017,'Wiggiswil','BE',3053,218),(4018,'Wigoltingen','TG',8556,218),(4019,'Wikon','LU',4806,218),(4020,'Wil AG','AG',5276,218),(4021,'Wil SG','SG',9500,218),(4022,'Wil SG','SG',9500,218),(4023,'Wil ZH','ZH',8196,218),(4024,'Wila','ZH',8492,218),(4025,'Wilchingen','SH',8217,218),(4026,'Wildberg','ZH',8489,218),(4027,'Wildegg','AG',5103,218),(4028,'Wildensbuch','ZH',8465,218),(4029,'Wilderswil','BE',3812,218),(4030,'Wildhaus','SG',9658,218),(4031,'Wilen (Gottshaus)','TG',9225,218),(4032,'Wilen (Sarnen)','OW',6062,218),(4033,'Wilen b. Neunforn','TG',8525,218),(4034,'Wilen b. Wil','TG',9535,218),(4035,'Wilen b. Wollerau','SZ',8832,218),(4036,'Wiler (Ltschen)','VS',3918,218),(4037,'Wiler b. Seedorf','BE',3266,218),(4038,'Wiler b. Utzenstorf','BE',3428,218),(4039,'Wileroltigen','BE',3207,218),(4040,'Wiliberg','AG',5058,218),(4041,'Wilihof','LU',6236,218),(4042,'Willadingen','BE',3425,218),(4043,'Willerzell','SZ',8846,218),(4044,'Willisau','LU',6130,218),(4045,'Willisdorf','TG',8253,218),(4046,'Wimmis','BE',3752,218),(4047,'Winden','TG',9315,218),(4048,'Windisch','AG',5210,218),(4049,'Windlach','ZH',8175,218),(4050,'Winikon','LU',6235,218),(4051,'Winistorf','SO',4558,218),(4052,'Winkel','ZH',8185,218),(4053,'Winterberg ZH','ZH',8312,218),(4054,'Wintersingen','BL',4451,218),(4055,'Winterthur','ZH',8406,218),(4056,'Winterthur','ZH',8405,218),(4057,'Winterthur','ZH',8400,218),(4058,'Winterthur','ZH',8408,218),(4059,'Winterthur','ZH',8404,218),(4060,'Winterthur','ZH',8409,218),(4061,'Winznau','SO',4652,218),(4062,'Wirzweli','NW',6383,218),(4063,'Wisen SO','SO',4634,218),(4064,'Wislikofen','AG',5463,218),(4065,'Wittenbach','SG',9300,218),(4066,'Wittenwil','TG',9547,218),(4067,'Witterswil','SO',4108,218),(4068,'Wittinsburg','BL',4443,218),(4069,'Wittnau','AG',5064,218),(4070,'Wittwil','AG',5053,218),(4071,'Wohlen AG','AG',5610,218),(4072,'Wohlen b. Bern','BE',3033,218),(4073,'Wohlenschwil','AG',5512,218),(4074,'Wolfenschiessen','NW',6386,218),(4075,'Wolfertswil','SG',9116,218),(4076,'Wolfhalden','AR',9427,218),(4077,'Wolfhausen','ZH',8633,218),(4078,'Wolfisberg','BE',4704,218),(4079,'Wolfwil','SO',4628,218),(4080,'Wolhusen','LU',6110,218),(4081,'Wollerau','SZ',8832,218),(4082,'Wollerau','SZ',8832,218),(4083,'Worb','BE',3076,218),(4084,'Worben','BE',3252,218),(4085,'Worblaufen','BE',3048,218),(4086,'Wuppenau','TG',9514,218),(4087,'Wynau','BE',4923,218),(4088,'Wynigen','BE',3472,218),(4089,'Wyssachen','BE',4954,218),(4090,'Wdenswil','ZH',8820,218),(4091,'Wldi','TG',8564,218),(4092,'Wngi','TG',9545,218),(4093,'Wlflinswil','AG',5063,218),(4094,'Wschnau','SO',5012,218),(4095,'Wnnewil','FR',3184,218),(4096,'Wrenlingen','AG',5303,218),(4097,'Wrenlos','AG',5436,218),(4098,'Yens','VD',1169,218),(4099,'Yverdon-les-Bains','VD',1400,218),(4100,'Yvonand','VD',1462,218),(4101,'Yvorne','VD',1853,218),(4102,'Zauggenried','BE',3309,218),(4103,'Zeglingen','BL',4495,218),(4104,'Zeihen','AG',5079,218),(4105,'Zeiningen','AG',4314,218),(4106,'Zell LU','LU',6144,218),(4107,'Zell ZH','ZH',8487,218),(4108,'Zeneggen','VS',3934,218),(4109,'Zermatt','VS',3920,218),(4110,'Zernez','GR',7530,218),(4111,'Zetzwil','AG',5732,218),(4112,'Zezikon','TG',9556,218),(4113,'Ziefen','BL',4417,218),(4114,'Ziegelbrcke','GL',8866,218),(4115,'Zielebach','BE',4564,218),(4116,'Zignau','GR',7167,218),(4117,'Zihlschlacht','TG',8588,218),(4118,'Zillis','GR',7432,218),(4119,'Zimmerwald','BE',3086,218),(4120,'Zinal','VS',3961,218),(4121,'Zizers','GR',7205,218),(4122,'Zofingen','AG',4800,218),(4123,'Zollbrck','BE',3436,218),(4124,'Zollikerberg','ZH',8125,218),(4125,'Zollikofen','BE',3052,218),(4126,'Zollikon','ZH',8702,218),(4127,'Zuben','TG',8585,218),(4128,'Zuchwil','SO',4528,218),(4129,'Zuckenriet','SG',9526,218),(4130,'Zufikon','AG',5621,218),(4131,'Zug','ZG',6300,218),(4132,'Zugerberg','ZG',6300,218),(4133,'Zullwil','SO',4234,218),(4134,'Zumholz','FR',1719,218),(4135,'Zumikon','ZH',8126,218),(4136,'Zunzgen','BL',4455,218),(4137,'Zuoz','GR',7524,218),(4138,'Zuoz','GR',7524,218),(4139,'Zuzgen','AG',4315,218),(4140,'Zuzwil BE','BE',3303,218),(4141,'Zuzwil SG','SG',9524,218),(4142,'Zweidlen','ZH',8192,218),(4143,'Zweiltschinen','BE',3815,218),(4144,'Zweisimmen','BE',3770,218),(4145,'Zwieselberg','BE',3645,218),(4146,'Zwillikon','ZH',8909,218),(4147,'Zwingen','BL',4222,218),(4148,'Zwischenflh','BE',3756,218),(4149,'Zziwil','BE',3532,218),(4150,'Znauva','FR',1724,218),(4151,'Zberwangen','SG',9523,218),(4152,'Zrich','ZH',8001,218),(4153,'Zrich','ZH',8037,218),(4154,'Zrich','ZH',8046,218),(4155,'Zrich','ZH',8032,218),(4156,'Zrich','ZH',8048,218),(4157,'Zrich','ZH',8052,218),(4158,'Zrich','ZH',8057,218),(4159,'Zrich','ZH',8004,218),(4160,'Zrich','ZH',8045,218),(4161,'Zrich','ZH',8003,218),(4162,'Zrich','ZH',8038,218),(4163,'Zrich','ZH',8047,218),(4164,'Zrich','ZH',8005,218),(4165,'Zrich','ZH',8050,218),(4166,'Zrich','ZH',8006,218),(4167,'Zrich','ZH',8055,218),(4168,'Zrich','ZH',8064,218),(4169,'Zrich','ZH',8053,218),(4170,'Zrich','ZH',8002,218),(4171,'Zrich','ZH',8008,218),(4172,'Zrich','ZH',8051,218),(4173,'Zrich','ZH',8044,218),(4174,'Zrich','ZH',8049,218),(4175,'Zrich','ZH',8041,218);
/*!40000 ALTER TABLE `orte` ENABLE KEYS */;
UNLOCK TABLES;
DROP TABLE IF EXISTS `verlag`;
/*!40101 SET @saved_cs_client     = @@character_set_client */;
/*!40101 SET character_set_client = utf8 */;
CREATE TABLE `verlag` (
  `id_verlag` bigint(20) unsigned NOT NULL AUTO_INCREMENT,
  `verlagsname` varchar(45) NOT NULL,
  PRIMARY KEY (`id_verlag`)
) ENGINE=InnoDB AUTO_INCREMENT=51 DEFAULT CHARSET=latin1;
/*!40101 SET character_set_client = @saved_cs_client */;

LOCK TABLES `verlag` WRITE;
/*!40000 ALTER TABLE `verlag` DISABLE KEYS */;
INSERT INTO `verlag` VALUES (1,'Tauzin'),(2,'Prum'),(3,'Macandog'),(4,'Kleypas'),(5,'Javaux'),(6,'Sarwary'),(7,'Wrighten'),(8,'Climer'),(9,'Mellard'),(10,'Horgan'),(11,'Mercury'),(12,'Pacholec'),(13,'Steinhart'),(14,'Scarrow'),(15,'Erfert'),(16,'Techau'),(17,'Valera'),(18,'Kunshier'),(19,'Shimomura'),(20,'Deanne'),(21,'Penoyer'),(22,'Flitton'),(23,'Lino'),(24,'Paben'),(25,'Jui'),(26,'Benbow'),(27,'Steidley'),(28,'Arollo'),(29,'Torrella'),(30,'Belvin'),(31,'Nivar'),(32,'Wilhite'),(33,'Pennycuff'),(34,'Berenger'),(35,'Nakagawa'),(36,'Tarmey'),(37,'Niesporek'),(38,'Joplin'),(39,'Reidinger'),(40,'Knittle'),(41,'Camlin'),(42,'Crampton'),(43,'Tokarski'),(44,'Quoss'),(45,'Fitzerald'),(46,'Ruff'),(47,'Hedlund'),(48,'Pedaci'),(49,'Kinnison'),(50,'Cullop');
/*!40000 ALTER TABLE `verlag` ENABLE KEYS */;
UNLOCK TABLES;
/*!40103 SET TIME_ZONE=@OLD_TIME_ZONE */;

/*!40101 SET SQL_MODE=@OLD_SQL_MODE */;
/*!40014 SET FOREIGN_KEY_CHECKS=@OLD_FOREIGN_KEY_CHECKS */;
/*!40014 SET UNIQUE_CHECKS=@OLD_UNIQUE_CHECKS */;
/*!40101 SET CHARACTER_SET_CLIENT=@OLD_CHARACTER_SET_CLIENT */;
/*!40101 SET CHARACTER_SET_RESULTS=@OLD_CHARACTER_SET_RESULTS */;
/*!40101 SET COLLATION_CONNECTION=@OLD_COLLATION_CONNECTION */;
/*!40111 SET SQL_NOTES=@OLD_SQL_NOTES */;
